"id (S)","__typename (S)","createdAt (S)","description (S)","displayId (N)","imageUrl (S)","price (N)","productType (S)","title (S)","updatedAt (S)"
"c906be13-73ee-4133-86a7-29ee8106711g","Product","2020-11-19T12:34:56.789Z","Chithirai Cold Pressed Gingelly Oil
Gingelly oil or sesame seed or til oil is obtained from sesame seeds. It has been used as healing oil for thousands of years. Sesame oil is mentioned in the Vedas as excellent for humans. It plays a prominent role in Asian cuisine and also alternative medicine.

Apart from the mild, nutty flavor of cold-pressed sesame oil, it contains a higher proportion of fatty acids than sesame oil obtained from heated seeds. In addition, the sesamolin content of cold-pressed sesame oil protects it from oxidation and, therefore, increases its shelf-life.

It contains healthy, unsaturated fatty acids including linoleic, palmitic, oleic and stearic acids. These are easily absorbed and digestible and also contain vitamins A, B, and E.","12","data:image/jpeg;base64,/9j/4AAQSkZJRgABAQAAAQABAAD/2wCEAAkGBxMTEhUTExIWFhUXFRUWFxUXFxgVFxUXFRUXFxUVFRYYHSggGBolHRUVITEhJSkrLi4uFx8zODMtNygtLisBCgoKDg0OGxAQGy0lHyUtLS0tLS0tKy0tLS0tLS0tLS0tLS0tLS0tLS0tLS01LS0tLS0tLS0tLS0tLS0tLS0tLf/AABEIAKoBKAMBIgACEQEDEQH/xAAcAAABBQEBAQAAAAAAAAAAAAAFAAIDBAYHAQj/xABSEAABAwEEBAkFCwkGBQUAAAABAgMRAAQSITEFQVGBBhMiYXGRobHRMkJSksEUFSMzU2KCotLh8AcWQ0Ryc7LC4iRUVYOT8TRjdLPTNUWEo8P/xAAZAQADAQEBAAAAAAAAAAAAAAABAgMABAX/xAAzEQACAgEDAwIEAgoDAAAAAAAAAQIRAxIhQRMxUQRhInGRobHwBRQVMlJigcHR4SNCcv/aAAwDAQACEQMRAD8APhEDEVAt0DUeqs+u32pWsVEt+0nOK8rSj27YfXaxOvqqRLgO3qrPA2jUKkD9pHmjrraUbc1VnUn8CrrN2slZbTaPR7aItO2k+aOuimkK4tmgUU0y8KFNKtPoirrfH+gKfUI40WSai9zA4k04Ov8Aodopj7toOTdHYXcluAa6lbTOugzqbWckfjrrxtu160j8b61+wdPuaRLQ21IlA21mgi1T5PZ99XEJtHofjrp1P2JvH/MHQnnpxRz0BUm06k1K0h/Wmm6nsI8X8wZu89exz0CcD/o140p9OaZrdT2B0vc0ARSKaEG3vAfFE0jpFwCVNlI2mBR6iF6UgxZwkrCVHMEgbYiR20VTAygdlcs4daVPFsqbUpLiXbwUnC7yVAwZmcRqofo78p1pbF11CHY1mUKPSRh2U0MqFngkzrLVqdLqkKYKWwOS7fQQrmuDlD7qsuJScCPx01yxX5XD/dBP73D+Gg2lvyoWtwFLaUMjanlK6zgOqn1oToyvhHWlIxMGRJE9FMUiszwe0i6mysShaiW0qKjrK+XP1qJjSbnyKqnrRTpyL6m6YWzVIaRcn4lVPVb1/JKoakNpkWVNGkLOaqotrnyaqS7c5Hxaq1xNUi803dNOtbhoSdJK+TV1VG7pRXyauqtrVUbpu7ZYWTONeGqJ0oNba/VpDSSfRV1Go2dFMct2DlTeNJ1VGq2N5weo05vSLSTjI3Glq+R7rgIWYbRSqoOEFnHndhpU6USbcvBkeKIFR8UdtUuNOV800uH0j1VPQdGoJAEa68QVTrqqySSOWeqitls41r7qDQbJrDY1nGcK0tjsQjOhtkEYBXdRqypMZ91NjjbJZJOu5M1YkimuNJGRqZbZjPuoXaEE+dV3suxzxuT7lgp+fToHpUKNlJ/SdlPRYCf0nZSKT8FHH3CzQnzql4r51C27Ioef2U8sLPn9lOpexNx9wgE/OqRJ56DKsi9TuPRUSrO8P0nZW1tcA6d8h7jIzNeKtIGugTlncj4zHopMWNw5uHq+6j1H4N0o8sO+6Kc25NDmLGucVzuq21ZyNfZTKUvBOUYrkuADbQPhNYeOSEmSkYgAmCrKVAQSB00VLJ2nqpq2cM90Uz3W6EWztMxdtsF6xcUbheSq8buBUlBUJAVjls2VzG0yCQQQdhrpvClSFMIcCYgSDrQSeWhQGxU+zXXOLZaZOOOrb31z45KW67HTxuUSupbGyFqAKroJEnON2s0lHLkYGcSDj0Gj/BphQUFhTTUfpF3cOi9PYCaqKdZsDqWuJYShQTglJVmU8SVqwOV1SQnpXRkRWU0M4AttKnVOuuJMKUIUUhKlKUlEC63IQkYYyNlaA2dXpHqo456k6ISjv3LZpVV4lW3spBB2mqWLp9yYnorwqpqW+emOFIzNAyHkHmqJxB5qhdtaB51eF5J86kckUUWPuHmpi08wqMRPlV6Gp86lKdhikE6hVJ+yHWBV4NnbXqmTSONlIyoD+9gPmjqpUXbQRSpNCKdRmA4kc3VS4obU9VBzwmt4MFCJ6PvqwjTukCJ4psjo++h05eR+qvD+gZbZT6SeyrjEDzk1n08Ibdl7nb7af+cOkB+rN9tDps3UXh/Q1TdoAGfUKlbtbhEiRzRWQTwt0gMrMjqNOc4Y6ROBs6NwNN0n5F6i8HQLDpAkQTjUy2SsSCK5kzpvSUgpZB3URsXCa3tJIdsd7XgY9lOk+zElV3FfY1Rs2OJTVlizjaKzLfC21KH/AKbP0v6amRwgtefvaPWj+Wk0pDXJ8Gm4n9nrpqWp9Gs6dP2z/Dh6/wDTTPzmtWvRv1/6aZJCvUaj3IR6NOSg7E/jdWVXwltJ/wDbT639NRp4Q2jXo0+sPs0fkLT5NS42RjCOv7qYlxwZBHX91Z0cI3NejD1p8KSuFDv+GnrHhWr3NXsaxouHMt9f3VaTPpJrFtcK1f4YueaPCrX5xuHLRjn1adMRwb4Nalz5yadHzk1lG+Eixno1werXp4XkZ2F0er402ryI8T4RDwxbRykKAiOMEEJVIGJbOEnPk89cstTiCTKT0yAd4AiugcJNJB8JUWVISSUlCoBBAEKSRl7aAWjgitQvIWkjnlJ7ARUIuKkzo0PSjJ8n53XhRzg9am0uJhuVbTCukgq8nDWBNPRwKtBOCmwNpUe4Jovo7goGBxrjl4jHAQlI847VYTsppuLjVixi7NzwSs6VFdpOK/igTgEoACrqRqGI6q0fGHmrG2PTSGEXENKdTM30wQTAw6gOun/nQkYmzODqo4nGEFFE54nKTZrje5qjJVsHZ41lRwibXgGnx0T7DXtotLsS0i0bz4mneR+ALCaRSlHNHd40xxgqGIjd99Zpm2WsDFLm+Kk99rRPkq6hU+quUynQfDQVtGjyMQU758aptKBVEdNVm9KPHFbKjswHjUjWmVAgmyubgPGtab2GqSW+4Ys9mBOOAq4qwo2jsoYNLlQxs7idhhPsNWV6RgYIUTu8aotJCWtjlsIFN4saieuoDbSoyW1AbcPGorRaBEgGg2hoxZOUEa+2lQZzSGxCidg/3pVLWX0GZtTCVmSE7jTbM2tOAEp2U1LBzkCOapUNK1Go2dBcB1lMVYaTe11QQlyYxq77mUM+ytZiwGgBjUiggDVVNxVwYma9ZQteSTFG2CgozakAe2pvfJBwCbxpli0CTio7qKt6OAwSAOenSbJuUVsVbOVqOUbKvKtJbHLSDz1cbs4SMxVK2EL5OqmponqUvkOatoVERFPLqR/tQktBvI14m2pGZx6KOtruZ40+wXCwaQQOahCdJDVXi9IdNHqLkXpS4DJCdfdUa3Whr7KDuWmQczVdlsqxuneaDy+EFYfLNEh9Grup6nxtoAhQTr7aabWTgAK3WA8Fhe0W5G00NtDgKb4VgOeqTrS1HVG6qy9HnLkjqpHk1FY41HsUNNWi+mRqIz6QaIWR6WqFaYs9wXCRt1bD4VO0TcAFTRUKWZVXbHcJKVxdIOeXQaFpQoNztqSwsFRxVI5sOujGSElG0QuWYIcDLOAvKXBMJLS0pu46yFhwCMYGNHDo9jW4vow+1Qpa1FauKDV9tMJ44qCQlS4UuE4kSgwkeiNtTJYtB/W7EOixPHtK6rCK72t/LIuT7KwywllA5Cio7FYdonuqsNPpWrixLaxmhYuqjaNShziaDaUetlnF+LPa2xipDTa2HQNqQSQrDVTgtq1tIcQowcW3PPaWMIOyDgRTyk0tvsLGKb3v+oeQ6D55O+rDtlbuiVZ85oXoe1hxvlQHEkoWNQUnMjmIgjmNTWh4jAqml1JLcZxbexMLKgDBf1j41I0EE4q7T40GeteMXqshRjyuzGp9ReB+m/IcDCD5x6z41FaAhI8rtPjQpFpV6Z6IqlbnFkHE82FM868CrBK92EHNI4xOG/xqs7pNsed3+NZS2KUPOVPMDVFUnWvpxoarKaEjbsaUZScVDHppVh0BQxJUNxNe0U6A4phKzt4C8opPTIq8izmbwIVhkcO2hSrQkeT5XPjUwfW5gSScoApCgWb0k2BMQfRzNPFoWswlJg6q90XodMArwMzz760TJbRkADt11N5o3Q2hlKz6FkArjojvoi2lDQyk16q2XtYA7ae3xeaiKKnvsI4uviIQtxwyMBVnjQ2MTJqrbNONJ5KYmhB0i2TJXJ6e6nt+RNNrdBJ+2KVicBVJ22KV5JAHPUXvgg4TJ6ZwrN8JOEPFApbwO2ceo018IKj5QctNoS2Cpx1IHbWbtfC5lEhAUo9OFY622xx08olR3nsoroLgZabVCgA0gkgKclN79lMSRz06gluxXOuxbd4brjkNJB2kknviqDnDG0+kkfRHtra6K/JzZkC7aVLccImEquAbSkJMnERjWtsOgLMymG2ECfKgTMHOVa5HZW+HhCPIzjv552nWpEfsj2VaZ4dPDAobPRI9tdkFkZB+LRhiBAkEbJGfRVW06MsyhDrDKpIxUlKTKpAxIBJwiRWdcoCyPg5xo/hqyfjm1DnTlWp0XbWHhLcK+lB6qh0n+TyxuD4O8wrXdUVpkjIhw5ZZRnWT0hwLtVmUXGFcalISbyMFic5Rsw2nDoNK4x4KRyX3OghAHmp9Yz3Uz3EDjxafWV4VmuDHDQkht7bEjA9uVblDySL183TzjwoRinszTco7o55wpMPlIAASlIwmJKZ1/tCidhbJSOgd1E7Zo1C1tqIklxalc4VJSDtiEjdVFi1IabF9SUxhKjdm7hgDjqqdp7IonsE0NS3GGFRxdSrbFV2NMMkYvN+sB31K48kzdUCNoxG40EgNljRT0pJIQDlN0qJTipOM5SpXXV8ODan/AEz41n+C1quF1teN0i7JI5InLovAbqLKdaOOG9a/GqxVKict2E0rEY3dyPvrJ6LCQt+55CnHHMoAvG7yebkXvpVf0ja4RCbt5UIQAVE3lYA56s91VNJqS00QMgEoHOEjHu7a0pbBhFIk4PrMvKGN5Y829BCYJnVICaJPW1aR5J6eLqvohpDbISopCvKVM5qzGB1Zbqe82lY8pEb4/joB2vsRWbSKiok3xB9BMUSdtRjC96o8KFt6ORe8pA57v9VXfc6RgCD7PrVtzOrK6ravVf6k+0VRtemVjA8b9Twq66gY4J2TH9VBbdZWzPxeXoJP89KhtipbdJObHduBT4UOGkXSf0vWnwqO08WCRLX+kPt1EwW/SZ3tD7dVS27CthZNuWUyQ9zQpHhSoaHWh5zMfuU/bpUNPsawuluykSQ6PUNTsKaT5Dih0tpPcaGsoJGr8b6tNNHXdqen3LWgkLThhaEjpajuNPD6vl2T9CqTbE/7CrarOhIlRx2QKGlhbQ9Acz41ru7IqYWd4j4xvr+6hy32gcIJ5yKtMW+PMb6pNFR8itvguNaOWIkMnnMVKbKrD4Bs46rnjQ1y1FRxux0GOmnNRtG7vxphaG29y6lRKAgiUwkDeSRz91YwaJetTsIA51KN1KZylR154ZmDAwNadTl4Pt60LKtspXywY2coj6Jovwes4SzeGJUo3gRAUMUYieWE7QUxeyOtG9MjN/AeaC4HN2RQcvJUsAgrWCmAYkJSSQDiRJE5bSa0TtokJJBhRkCFJIwPlBRGzI9GwUOctrgIUEXU34NzlkhByiMQUAa5wxAxig1pFflKbSlMhCLylJKylcXQhacJvRJjM4Cs5N9iFPk0K7WBBOAJgI1yfJxwKcYGInmqJdpWoeUBmCpJ1jDkhUQrDCRGW2gvuiJSElxQAF5SkA3pBQ2SowTdgBQOPqy9FobEJVaMQDCAUmEt4qKlKxVAJkkxgc5ghts2lILIdMcsISQVRBKnCYASQVJSCog59pzp1nenNUqJMSmDdBMJIhMGFZ5A7cyJNqnlJCiIi5AeUAoJMp9EGUGATMiQMKe1bQ4q4qJWFXVtnlFATdKoUJQoFSkwJOCsM6Go2kJv2u4CShQAuxI4wLJGHFIBkkbMMsJpNWhKhk7JIgGARIymMJAvQraI1UMJhZDbYBjFOBUfngL5JOJxE4EyRkJ2nkJM34KzkSCDeAF1OOJCQYgQdWQo6majJcN9BQo2tu/IPwiTeUQJASohRlAAOXPqirGi7UFMhTi1JCASYjGBPKkeTRbT7xVZ3WwCIbMyOTGKWxeEQtUgxiMxAmgTlkKLGsazE/s6/DdU8uVQim/kdGK3FoPLC3Chtoi+vInFKREqWYzAHXI20WsXAmxoxW2XXD5TjiiSoxBJEwOquTcHeFDlidBIvpTKYJMhBiQnZ5KeoV1XQvDmxWiAl26s+YsXT15Hca7vTY4wjucHqJyk9uxdVwQsJEGzIjf2GaD2/wDJyyJXZXFsuZgXryCdQIOMeNah7SbKE3luISnaohI6zWb0x+UixMg3XONVqS2JG9WUV0f8clwc6eRPkyjLTibSGrQhSHCQOSpKb4UCAUqVIPKCBR9XB8ZxaJ5lMn2iubaY4SvWy1JdVyQki4kZJAMjtro6dJspYL6noiRcmFlacChIOeJGI1Ga5dMVKjtU5NWQ2awAWn9J8Ei8Q5ckLV5MXCchJ31Vt7ZddS3ygACpRQguETiOSOeBjRHQwIYLznlOErJ5jkOoUQ0No9wpLrZA4wyJBMpGR7+ylUbdUUc9K7gdGj0D9O6P/iqH8tSt2FpOVpI5i1HeK0Rs9r1OI9Q+NRlm2+m0elo/aqvTXj8/Uj1X5+/+gF7lR/eQc8ktg/WNSKbbOAeUI2cQSenl0XW3a4xDB/yzH8VRcW95zLCsdSfYaHTQ3Ufn7oposl4YO3k/ukHm1LqG0aFSdatmFmB9tFUMzINlRujGo7TYxECzIjZMd1DR7fiZZH5/AzVp4Nsk8orn/pFHuoa/wVbJ+MWB/wBG97DWs97U67Ij1jUbuj2k5WWNfJWpOI/ZOJrU1+WNaf5RjV8FW/lz0GxvilWsVY2ycGHJ5n1J6cL1KjfuakC29EP7CKenRLxzBA6aCe+rhw92r6b732acrSDkYW1fOZf7OTUtLLag4uyutjKR6X4GFVVpcnFAIx1n20NRpF3++rgzj8PGeHmU8aVtAyt/Whw97dbSzai/y/k8IjKe4VOzo5S80icPNPVQ1vTto/vqOkoUOzi4qQcIbZOFtYz1wN0cXRozl4QWc0FdErWlA2rhG6VKxpM6OBN1L6Cr0QpJPVeoRabfaXhC7XZlDYop+zVZuzrScLVZknaFJSRGyEzRtAV8hnSWgbQ0RaGRfWhJC24KQ63MlIOV4ZjeNdQ6P0sl5vjGClYA5KFTebJvTevXgBjmEgxhJBqVm1PDK3tHm40x1ffXMrffs1pXxTkKSrkrbMgpPKTB1iCBRUFPbknKTju+x1dT55ZbugJIcSshLkEzeSkpWZBAIBwMYDUKp6QWsJUriTKSIDZcVCeTKg75WEQIIwGIBF2sfo/htgEvoIIJh1mELBMSYOCshnhhlWo0ZwosxPwbrYF6QlXwbnKUCorUuA4cxGE4STFTeOcX2MpRl2Y/RobXLaFX73ktLkuiReSFlZJX0Xbo2giTd9825Cb6keUqEyJxUVAg3TdkE4EYYDJNVFtlaRC0KN03rqQEuj0VpQCL0QJCwAUgiZp6EvBaryimRxlxBJTIiRxkpElQUIJABIUZEJoMaiQhSV8kIWUKlMKVebm78GIUbqySCSSkYqUYEzYtj6SCFgLCbqlXr8iBiSGoIIRAvYYckRIFULM2oFN1sAEKTdSp0YAlMTgE53gAUiSTBwIkS6kA8asNJMchQaupI8oYiVAgkXgE4knE40OTaWXGXrsFKUpShK1TxaWJBzRCoIT5BgAzGoZud0hdSVqxBN1CEkhF6YjliTeI8ogYKIE5VmneEVnbELfDhEgJbb4wXZwAU5lkk5mI14QE0nw4dXeDI4u9EqOKyBgAAISkcwFFYpS4A3GPJs9IaRabSlspSlUqhIjKSq8mJKEZkmeVhzCnWXSAdaCo5MlC0jWnWObCCOg1gtGtKgrXJWvFSjiQkYwTz+FFdG2tbZm7eSqLwGHQRsI3VxeuwKcaXdF8UiXSfBxREgAjUpOIjVWVteiVpPkkjbGFdXsenGQiEwDGIX8GD9KCkb6kaWwsybMqTmUFCwdzazPq1w4f0nnxWpxtGyYYSZx8WJzK6d2NTWfQjy1QltR24YDnJOA312MWKzn9Gro4pXtRTbVbmmEyEAHUXVBtIPMDjPQmn/bk3tDHuT/VY8sxGiuCy2gHFibpnDGd8QEjWrLZNDX0p90C8rklaSSdioknro9pjhBxiboN/XgChoHUbp5S/pR0Vk7WbwJxKiSVKJmSebVXX6V55yc8vdhmoxVROp8JF8lqzt+U5AEejrUOhKZ3UVadWkJSlCglIAGWAAgDyqwv5M7QlKnHn1KWUANNAhS7iTylQBl5o666AnhA0fJaUroREbjXqxpcnJK2lsRptDl7JyDziOwyKtm0LAzPROPtqP3+Gphfqgd5qJfCWMmFb4HTqNPqS5E0SfAQs9oXGIJ58Puq02s7DQ1Gmyf0S9wFRe+7xODSgMsfxlR6kRelLwGwfm9gr2B6B7KFuW9zCG1H2UvdbvyaqOtC9NhK6PRPUPGo3GR6Pd40NVabRODeE76ieftBGCCDrgeMTW1BUH5L7llnP2eNe0EVo99Wd6elQ3YzXlJq9iiiv4jmPHLOHGNnpNoj+IVKHVjzmSOY2g96qDHQj3y6vVJ/mp3vNaNTquaRHeqlqPktcvD+wc91LIza/wDu9hp4eWdTX0k2g96qBJ0RatT6txPcDTkaMtR/WT0m8R1nAUNMfIdcv4X9g6lS5+Ma6IfHZeFWm2XDjeR9EPjuNZxOi7XqtMa8ZG/ZU6bHb8P7YY1cpcd3R1ijpXk2qXhh8sL1rHXap674imBax+kR/qP/AMztAyzbx+uDrcM/V/EVG67bxnax1OfYraV5A5y8BtelSjzmp/fH2uYVluFNqDqkr5AUBdJS4FlQnCeUcseunP223a7QhXVP1kCgVstThwWpJ6An2CqQx72SyZdqIjXhTUYVTr1VogpJnqSRiDHRhU6LY6MnV+urxquDTga1BTJlWxw5uLPSpR9tMTjTJpJNChrJhU9lZvHHKqrYkxRqxIMgDYRG0RlUsj0opD4mEmyCQMk+T4d1bXQlmTcOAvaicqxCWCDHlJOwY9GFH7Dan0gpSuAkSSQMBz414P6QxucEouj0cMq7hu1tuJICgMdcT34UxOjEHEpanaUJ/liorJwgMQ6JHpp5Q3jMVKvStnMfCxOMRXj6M8dq+h0KUSdyxCIKkEdB+1VF6yNxCG0KOqEA9ppOaRs5GC73Qmoff5CYKUrV9Ejtinx483Cf4GcolTT7S0NBKkoCvK5IGHNhWXfcu5ZxlGXTR/Tem3X8Ai4MpOKtwGR5yd1AjZCBHXr6zrNe56KMoY6yVZyZnb2CvBDTimF3bykoWQFlBAI2KEgjDoyJroptavl1HDH+0tgidoDdcfS2QcdW7srU2DTS+KCUp4xQMBN0rJHzQnGdcdNd+reiGmzbK0hstKp/foMbuLpydNhI5T5+k42Z6kCsiNMv4zYnP9K0TOeWUb6hc4QPzHuNeQxNnf15jJWGXXVKYmxvffwHG+novo9tNb0+k+enn+ERunCsN7+ua2HBhAizPzu5JpzGlXDiGHgrGfglITvKo7q1MNRN8NLAjBSc876dnRUot4PnxvSe2a54rTzoOLC5MSQ2uPqmTvNeDhCdbKyYmSy5GeRJVOvKjuLoibpzSUGL/wBdsb8U16dIJGbqf9Vv2JrEfnFgDcSCR5JZcGOGBN6BFSt8KxgLrYy8xYAw6cN5rWw6Ea5VtQc3U4f88exNKs3+cqQJCmzOoTJ2QMzjzUqG4VEzbllGp9vo4xPscipUMNxy3Uk6gHEk9qqzqFk61fjnu1OhE6yBsk+xFZxGUw4FtJO3/OQP4canTaWgZCcdfwie+9WfS2MuV04/Yqy00AZMnZ5Q7bk0Ghk2H2nmDipKQccQ8kg7pONT++jI1I3uZ7rtAA3zq9YjdiKiKNWPr+2sjBu06TaIgJbH+ZGeeIRWft1qTjAG53+im2iAPKIPMqaC2p07T1/dVIojN0RWu0E6z64PsoY6ZP3ipnj+PwKrE1dHJNiivKVKmJns0pryvaxrFNK9SpVg2y/ohuVHdRqytA4Gg2hovwcsPx210fRPBJTqQtuSc7uUjZNeX63PHHKnz2O306+GwFo5LpUG0pvE5SpKcOcqw7jz1p2rLaW7qXbKoAZLQQQBzYwc9Rq3o3gY6pULDqcVY3gCgA8nMQqc8DqrUaL0fpBklF9K0nFKlCQOZYlJk7RNebNPN/1fzp9/7l+rp5MtZmGUkni1idqFR0jCrNj4txxaUjFIxkEEZZzW9Y90hHLDRVsCVAdEye6pbIpwjlsoSZySq9vm6KX9la3vOV+8WD9ca4X1MGqyoAJA1jVuNC/ehp0TysJ2jIkZCusKUrHkCBljid0VTdW4D/w7ZG29lniRdpX+i5Yt1kd/+WZescuPujjmk20ti7C41QnProK+26ryWykbTn91dp0g47BIbQhIBUVkJgATGKhmdlYThJo11xIKbRfUSLyIKRim9IOEgYDLPorYsyxtRf1laHc3L/RkbLYmQr4VQMZ4wkdJzPQM6hsekQl2UeSlQUMAJAVlFOfsBRgqTzj2U9NgSS2W1Xr6gmCIIVOIOPbXoxlG9Tbd9vAm/ZI60uw6xG9Cfs14qzqGsdFxPgKgNtfGQJG26xH8dSe7HtaT6rHby679SI0/Y84vHwQnwqVDfP2Ad6TUTVqWD8T1Bif+4KlXbnTkgDcz/wCWijMhcdd1BJ2YD7NVHLVaJIu/VHVqq77rcmFJB57rAjnPwlRqtB1IQZJBHwBwBi95QnbHPWMmD1W5/wBH6qDHWarnSTwOS/Ub8aIv2tKcAhs81xmP+6KC2203v1dkA/8ALZUd/wANQbHSLCtLObSOlsHruqivaBuGZhlmcpDTA6pex6qVCw0ZfDPi2x/mKw6ZcPbVlhB9Bne4r2LqqLGDiX09f31MhtKf0yO3xosCTLzSUmZFmHSXiOwmno2/2UfRdV/LQ8XdTqO3xp6bpw49I3UrGQY40JAIVZif3EjrUmmOWxXp2cDaLOn/AMc0Nuo/vQO4mnuMNxPHk84Qr20Alq0ugpEuNJ2/BJM9AuCgVvu+mknmbSnuNEfe0KEp4xQ2hBg76oP2Eaw56pp4tCTTZn7Rnq6qhonabMnad4qgtmMjV0zjnF2RRSivSivIpidHkUor27Su1jUeV6E16E16U89aw0Pszl1QP4iuufk+4VhpNxeKcCDs21x8Cr+itIFpQM4TiO+uP1np+rG4/vLdFsM9Oz7M+rbJaUuJC0EFJyIqUVzjgpanGwlTCwttQSoskgLAMEwD50HfNb6xW9t3yFAkZpyUk7FJOIpfSetWZVLaX4/L/AmXFoexapUqVd5EVKlSrGPFJBzE0xyIN6I1zlUNq0g02JWtI3isjpzhKHQpLfxYBleQPSdlef6z12LDF1Tl4/yXxYZTfhGX/KC42VgtoujGYwB2YdfXQzgPo0rcLhiETdBVdMnWMDQfhRpdMphYXmIBxEHIjUKJcEdMLgJ4i/z3UntONcvosEliTn8/udspq6R0RuxzmqRqF8GOiEio3bLHnbM1pH8tV021Uf8ADnH5iaiXbFH9WnpbT4V3/CT+InUyqfKgbOMTHTlNQOtLn44DpcH2KiU+r5AT+6R3kVGLPJn3OJ/dNitaG0smNnkSbUgdChO7kVSW0iTNrQdnwgH/AOdEGbCqMGU7fJamrDdkcSeSygHbCB2jGjQLM+7ZU/LNScMXlyeaEgVWcQ2M3Wj0LfV3YVqVItGoI9YD2VXdFq9NI+kI66VxGUjIuFGpwAHUOPVO+aVaJaHyeVaAP8wjupUKGs5Yy+Rk0n1J76uN2lzU2n1EeFXTUalGjrvgPTrkYgOKJ5KBPMnwqVIeHnJ6h4U0LO006hdmqiZtbk4uAdAqRRnAuKPdUAr1FKNsSWh3kgXjAyA/3qlxClCSqOY51dQkXsqje8o0VsB7lBVinJU7qqu2Q7Ad1GVuEHAnrr0qJGONMpsR40Zp2y8w6qh4n5ooxaBjU6Ei6nAVZuiGi2AwwfRHVT02dfoj1RRsmmmhqD00DSytWSAOhIFRO2VceTHVRpNRWkYUE2FwVGYdSQaQTz1Yt4xqsMqqjmezDGg9MKZcSq8qBheQYWB80nuNdh0DpP3QkKQtq04ZkcTaEjYSn2AVwlutPwUfWh9ooUpJK0glJIJBOIw1VwerwJrUtmdGJ33O92K0ISZUX0k5pWStO44xRJNrbOS09cd9Ps+KBOOAzpLbGwdVWxY8kIqmq+VfgznnKLe55xyfTT1iqekbWzdIU7A+aceyrAZTPkjqFPQyn0R1Cjk6k4uO39bYFpT5MNaU2ZIKm7Op04yt1RAEayD4VzLhRwkU4opK03RgENi6jDvro/5YnlIsnIUUyoA3SUyDmDGYrhCzXF6X0i1typ06VKjqlkqKrk8ecKjJrScFnyFD4Qp6CB31mU1rOCg5VenNbEsX7x0ayWtV348n1T3VfaWTmtR6ABXuh0C6MBlV8mpKJaUqdA5bac7zm7/bCnNlGUO9JUoeyr147ahSs3szWqgaht0am3D9NdIpVHxJ3qJ7SqnrWdpoXbXDeOJy20WBbk1oQ7ODDe8g96qrEWj5NoD6HjQ99RxxqotZjM0jLJbBRaXhrs49We6lWeUoznrpUKCf/9k=","13","oil","Gingelly Oil","2020-12-22T11:55:56.132Z"
"c906be13-73ee-4133-86a7-29ee8106712g","Product","2020-11-19T12:34:56.789Z","DESCRIPTION

Akshayam Cold Pressed Coconut Oil

Sun dried coconut meat is mechanically pressed at temperatures not exceeding 49 degrees Celsius, to preserve its healthful benefits.

Pure Akshayam Cold-pressed coconut oil is also not refined, processed or deodorized. It is sulphure free.

Coconut oil has been found to be effective in weight loss and cardiovascular disease, and as an antimicrobial agent, among its many other health benefits.","1","https://static01.nyt.com/images/2019/06/02/health/02well_coconut/well_coconut-articleLarge.jpg?quality=75&auto=webp&disable=upscale","13","oil","Coconut Oil","2020-12-29T05:01:30.046Z"
"c906be13-73ee-4133-86a7-29ee8106713g","Product","2020-11-19T12:34:56.789Z","Groundnut Oil","4","https://www.24mantra.com/wp-content/uploads/2020/06/bj6jkc6d6v-5ef9703e314c6.jpg","11","oil","Groundnut Oil","2020-12-22T11:26:34.467Z"
"c906be13-73ee-4133-86a7-29ee8106714g","Product","2020-11-19T12:34:56.789Z","Castor Oil","1","https://shayandcompany.com/pub/media/catalog/product/cache/d90cbd11ee0c14292e6bc8707faea3bb/o/r/organic_castor_oil.jpg","11","oil","Castor Oil","2020-12-29T03:10:06.428Z"
"c906be13-73ee-4133-86a7-29ee8106721g","Product","2020-11-19T12:34:56.789Z","Nattu Sakkarai","1","data:image/jpeg;base64,/9j/4AAQSkZJRgABAQAAAQABAAD/2wCEAAkGBxMTEhUTExMWFRUXGRsaFxcYGBgYFxkYHRoYGBkYGRkYHSggHRolHRcXITEhJSkrLi4uFx8zODMtNygtLisBCgoKDg0OGxAQGy0lICUtLS0tLS0tLS0tLS0tLS0tLS0tLS0tLS0tLS0tLS0tLS0tLS0tLS0tLS0tLS0tLS0tLf/AABEIAOEA4QMBIgACEQEDEQH/xAAcAAABBQEBAQAAAAAAAAAAAAAAAQMEBQYCBwj/xAA7EAABAwIEBAQEBQMEAgMBAAABAAIRAyEEEjFBBSJRYRMycYEGkaGxQlLB0fAj4fEHFGJygtIzU7IV/8QAGgEAAgMBAQAAAAAAAAAAAAAAAAMBAgQFBv/EACYRAAICAgMAAgICAwEAAAAAAAABAhEDIQQSMSJBEzJRkSNhcRT/2gAMAwEAAhEDEQA/APcEFCCUAIuKj4Ci8S4pSotzVXho2n9l5t8WfGprHwqUtbN3yeaNjGjSs+bPGCHYsMpvRlPi/ibTXqiJa+o7Xbo6deih0cMRAzjKBbeSpWIxYqHKWNcQJsBGsW3/AMJinTkO8PUbf5XHnOztY4dVR1UpFguSTNxGydZVOXMxzj1BFh7rhrKhGYudcCWm/rC7ps75YPLAk7GCAktjKJBrZgQ6Yi0ib9iFw7EAtADZdfLG/rKZoFzeaHi8gaQd43j6LoU3FvKYgz1JJvsq1RKQ9h8Ib5rHc9ztf+WUaHMyyRAMZm6z3nfuo9ZrqlZoc8BoaL3gkagqbTf4Ze10PadHCwHY9EymvsjTOTQIbyuMi5iLmem42TYqXLhciOQnzA/lG2s+y4e9xdloeY6udAAaeh6ymRQqBtmh0OkOmJF5A31I+Ssk62Dok1aGdxMzNzqIk9u/3SVa5Y4GxGhB0G3yT+BYC6Xtj8PmJsdj7prHURMxJ1AI2Bvc9VVOnQdRjwnUgalKHNcTma06Tb1g9lIq4V+bPmgiC4QYFgP56p2rULXFpAyvANrAAnS3eEuEc5zHtLg9xPWBlmD66KXNsr1IlTE5agBmANW2B2PeLqdgofmZDrNNpkkdG216KkxdUMqFjiWiIbYCRa8m2ycwr8oa9ss5gZBvuB9ldw1ZSy1wRzDJkIbtsC38sHutN8HY5uGe99XQAxkG9uUjrpCymJZU8VlZrSabhcSAZHmEd9bKwoPEEsBBsQC7frGtlRTcJJojJBSi0e3Yerma10RIBg6iU6sPg/jenTYym5jy8Q13T/tmOvVaOp8Q4ZsB1ZgJ2zAm/ou5jzxkvTiyxSi/C1QkpvBEgyDoV0n2LEQlQgBEJUIARN4mqGtJJgAa9O67WY/1DbODdzEczdDE309EvLLrFstCPaSR5pxvE1MXWzPrkhubIIAbEmCP7qvdREZXGw2+xn30TrqNmmYAMCDc9RbZRKwc8Fo63zWAFr31Xn5Sc3Z3oRUVQ43KDmy5p/LFyNLdNUUIfJiwN7ZXf3TFGi1wMktINiNEMqGIzu0u22Y9wSoq/BpKD7mHRvJ/D2XOHqguILzmJs7UEaiPRM0aD3aCzhd2p+SkU6BaB+HLqYsR+irpaJO2Ps68k2AJuT76bLnECpBvB3DbNFrc2x1TPEq4bTzQakkxBvMztdcMotMCahzNkibXvcbwrKGrZNneGY9zWy7LsWx5hNx6qTXfBytLbt5nGI1iANFzVaSwAnJkFybg3u4RoUwzCMcGg5iTM2sCO/TS/dR/sByq134gA2Da8WEaNvqmDjHMaMzM0TAcOY7iI6KYcG8VA4OEaX6RBMqNjHQ40iA3fO2SSDc2211VotMGTeFYVruZpMPvOhA10S4/G02ENcfFJMiNo0+myrmCoJYC8CJAjm7W6KXQ4SHOzOMabRc2v2soqN2ypF/2hNFtV0uubC0DWLrtjQXNFMGTuSCBIk7q3ZgW5XML3EAyLw2D6qkwtKKlRjXS1sxoCHf8eov9FMX2TIJeOw1JoDnxUB1kHa//AIiSR7oqYQMeHsY0MN+oLY2G3quONuLWinlMuNzNoFtu/wBk8yoaTqbi4vDmWbFoiBHco312yKVi1MS9j25TmbEiRJjp0DfbZdOqDxWEPuXQbEECJAjodD2T2GpnM52YggyGmBDYt/hGNpszMeRLjAJGrT06ex6qnZeA0LTe2Zy5WyQDmJIcTBMdenqrnhH+m9Z/NWr5Gky0NGZ0ep8voFmxjstQ0qmWm+czKgPKRM+8mLLYcC+MqjajRXd/TyTYAnNNrhbMPWP7mPkKT/U9FwVAU2NYCYaABJk26qQsv8JcUq1jUNRwLS7+ncSW7WWoC62KcZR0cqcXF0wCVIEqaVBCJQgDlea/6k4/NUFEk5WgOI2LtvkvR6roBMEwDYansvH/AI04g52IcX03Mho5SRodCY+yw82TUKRr4kbmZrBVHEkSBazcsZhsR6dU7Sp8sTE69SCYtKj+O3OC13LZonUA2Ivolp40ioWGY1BPQXjTXuuS034dgfw1Lwg65cBc6fRV2HY+pUkxl2dGi7xuIa9wYxxYQZNi4fMKTh8Y1vJLgwCWucIB6kK9SjG/tkXbomvaW+YExAkDZMVpLgHZg06HU/JOY2rYGCXGO32KpcRjaj3MMGSYDdoH4gUrHjcvRjlSolYamzOQ11wYvYSR06qc2pDQIkBwbIteLmOiqWYVznZnwyBJsZdHUde6ssI1rgcr5h1soMzGklMnFBFjuJovc0AhzmmxgCQelv1QyoGFueaZI2MgiPuoR4jUpPDLkgkEgbnQxuV1jA1z2tqU87ieQ3Gbrp6qFB+PwlyLOhWp8wBBAiLm469ABv7p1+GZmBsX5TJERB2KrqVBjagBa6mLjKIjQaT7pzwCXw1+Zg6QLajoTfVKcUnpllsR2ccgBa6eRxBzAakTomKNGu2sX1WktES3NHqSPW/upeLORwOfM6JgCSSSIaNgCL+wUxr2nlJc+QM0kb3IH7bKynS8KuJxxCqYaxhuTlOaIbIzXOyqMVhS+tIjN0nUiw+oupWKZTY7LkLn+4JMxLh2F/ZTWYhjHh1RjYaLOiwExbrf7qU68Ksq/wDampSJqDIQTldJ1sL9tVLqPyM/quDjYSGnMBAgAdIGqON1abwH0n7tkSYN9I03+i5qYXnN7Os2NBInMZ22jZS3foUH+6c4CqWFrW6TBJaLkwrPCYUFsB138w0jKTN+40Ve9zmUsrQ1xDdQ0yQLHbbomaXE/D18zmgtDbMbtB+6q1e0QOYym0mlmpZ8hM9u4HZOcQIJaW3ABvGURYOB7qR4zpa8PAhs5YHN2E9U3iwxxaXSARZugB6yhTdUyvUYxXGPCcxzDDhBbYxaZkr23gWO8ahTqGJc0ExpMLwHjWFceeczWgSCCCTuQQNFtfgL4gFNlNuc5S29M+uoPZdDjZVjMXKw9la9PWQlUbB4ptRoc0yCpAXUjJSVo5bVehCESlViDgryz/VKmfGkAAlgEne916hVBMQYMryn/UdoOMy3cS0O18vp91i5rqJq4a/yGAwlHM55cGgt1B0teQNVMp8Rb4nMJBbDYMt7z7J6q2Dlu60nlv3giZsm8TSoAFrYHLPNJE6Wi65nZSezsU0SPDZIgNBcPOwyOwOwK6xBtlcA8kRexj91VYR1SmMsAgmRliPVWOIaSG5yAZBB2d6lLmqfpeLIo4YTOUbiczrTGgUrBcNOr3WvHKYHoV3iHFrXEAaaNJIPe265wFCtUbNQuaBdk80jew/VFylEnSEdhnPcH5yO+5Am5SuwzqJmmXZSL3sd5tukZnzy8tIDRDho4TpCsKcvb+UknyxA9tQFFtA6KhlN4qtqhx1tJM36lW2IY91FwL2uIuIbEOPWdPXVNUGvJJjOWkC4A5dJAG8bpcbUqZXBsMMjKDYOveSdVDbbRKSIAo1QZfLnDRoOaYnvpdScJxVryGvaymJbEQduwgi/sm3tqh4DWtnNzgTbQkzoPVcYjDF7wQ0EggEC4nr6aSrvq1sKa8LXFua0WIiZHUyNRH8Ci4PGU5s2CDOzpHfpdSaWGbSnMJ2kkE82gGmVGKrlp5WQ+OW4IdfK1pP17bpMY38Szejug4Auu3MHSA6zjIsIN8p3VSxzsh5g6HEvaSQDc2Ai7e0qRVrh1XMAGOAAfaTOkAixM3mU2KbIJLnXjQRHaToYmybXTQuOzp9dr2lhjUXBDQNxA6a+6WjWOozF0y02NhqAIjbVSaQYy2WRpGUZiC2bgDW31UjAODhmDcpkA25SToB2S5SGEOtVqjmkOduwtIs7eTb6Lh9EPYJAGZ13NBj/AK3kAe49VYcY5i3m5SD5RuLEHeeiXANZ4bg0ZAAczHE/z/KlT0LO3MaBTDWlwb5YM3PXYjuqrBYzM9+aHAulrYJ7GdmgKXg3QC0OcC4SNC1rbm3T3ULB8K8Oo6XOJEubm8sHQkIhVOyrsuHElrw4NMEBtyAGm3TVVeEwpY4gNBNMnNmMjLq0z+WOieeyo57g0ggiCQZBAgzB07JXUKgcXWggNOZ1iBcSDodlaLKtFz8K/FgoHK7NkJi4J+vRes4eqHNDho4SPReW/AvBhUrE1gAG3DZkE9uw6L1SmABAsAuvw+3U5PL69tHUISQhbTIQKmPytcaoyBp3MyNiO56Ly3jmFfUfUrH+q073NQDbk2HothxzE+NVNFxDW60XA+Z0XBHbZZg4nwXnmh7DBA/F+y4XNzSlKl4b+Oum36YtjyCTSIJFyxxkwNY6LtgY5odUhgdp1JnSdlocZh6eJ5ixtOpfnboZizgPuqXiXDnU2gVGuyjQzmZfQjokLJGWjowlYYbBNJESbEZc0R8wmf8AchzYz5Y5Qwi5jp1HdNZiy5Jew6i9o7p7ygPaAJMjOLkHYdlNfyNT/gR2It5cpGp0EDpG6b4WA4v8wI0F9dfYKRiSSWNFjOaDywehcbeyk+IAXkFwa8gvAgjvEeiLqJK2yI3DNILi4AT5f+XS+yewmKc0QbmIEm4Hsiu3LcMzMiAW+Ykxv+XVOCjLBrygEA2fH5T1VJeFq2QK9QhhDZDyYETOUXJPRTWU2sDQ4udVtEmWwb3PpsEYt5ykwQSA3m80e2yWjhjSLTmEEXnmIdsQNwp7KqJrZ1XcWMjxBcm7Rze/Y6J7AuLGXpl4J/C3L6i/smsZXykAtLmuEZhaO8DoVLo13lrXbN850kXiCdx9Ut3RYh5WPaTzDmJIjU+veIAUd4fVkNBiZDDMt2M9B6Kd4+Z2haydRrmaZBI9FzjMvNU/+QgjLlN4P7bq0XsGiFhMO0VCx2W5GVomS6IPMNhqneIt8JrC8DKXwcriXFokeU7yNVJwXB2VCahkOB5TcR1JhLxLDuLQKlQNc24jS2jp/NMW7q/dOQuqO6VDNMZnSLuHKf8AqA6wN9U5Qc5jRaOrTESNDm2sdlXYLEvqDI7mYRMi7rxJB3HZSm0mMzOdMtgRcG+pA7WS5LdEk6viaTuVx0g5SDMdbbqO54YXVpIzOA0vGkj6J1paHHI4GALQMwadb7pcaSbhrQ0ZYJNwCeyr5oiyNiT/AEi4zFgCNSZ8xja+idzf1AMwDmwJ2ggRyjrcX6Jqm7ODn8oPMCSSOhDd+tuqep4DmzMIzOaWjLA952crKvsqx1zWl5a0c2UToA1/RRKmZ7/CJHPBcCJLXdG+seyZwLn0S4FmaXGSXAum0F3bZLhm1HYnQEdQY/8A1qfRWSKM0Xw3SZTxlLD3ILS/NplcNp3novVQvLOBYOrVxjXtiKZm9uXYHvqvUmFdjgv4nI5n7iyhKhbqMh4vhsdBBmYMtOsHqOhT+JqGq/PMuAIymASToZ6rNHG5XXPbNcD0LToVPw2Ma4x320XlJLJE7PwY5RxDmENeInrr891ajijKbRm52uMZImfULnEYwNYGPAdu4EAwbWHRQMZhA+DhyREuyEyRMaTroqKKuxb7Lwk1aNJ7YY0MLpkOBy9iLnbZVuNoVabBLY2D2CbDp/LJTjr5agLDpPVWeBxD2CWOBbuNQR0IVu7i9miGRpbM2abnZBBgiCXkzm3NuvRc4OkA4s5i0GYbftcbLVVeG06pzMHhPOgaJafY2H1VM7hDqQ5cjr+ZuvcDY3ndNjljJDYZE2NUaQABY8AzoTp/xgpyhhiSHPmCNSYjpJ66/JLToVA2S9kAzlcGkX2Ljcn9lCwtnOgy/ch0iJ3lC/6PscoOINIvqsyh0DUgDYu+itKtDMXuD3OBfZw6xsPoqLGUtMoiTIi5kXk9u6vOF1g6AfO7TsenWN1GTy0A9Uwpa0OZL3DQGLk7Tsfmq4ipWEloYLEyc0gT0t9lN4nXJfTpWJJl0EjLAnX6x3TDsUGMc0tNMZi3rM75Y3ibW7KIppAmcuxAcOSea19nDfoAReApGDwPLzDKDBIJA9TImLqNSqgADM2XDM0htpBm52Ivsn8M81WOJcXXh14zmZAa7a1tIUNMt9DuGoeGyG8zTJEvNzsI6eqbx7wQ1opmk6LvkOuRIEXmdLhRzWc45W03ANsQRDg703C54lifDccrSCwxJ8hd6ZuW3bcqYp3/ALKsfp4k06LAALNDJBIgkxJBGih4PCjMTWcLyS4umYsPpso2KrZuaoWtEh2Rolru/wA1bCjTfSDG5ofHLTs3NMmSRMW0lMelsoLicFmGduQ5HDybt05xvspVEU2Z3E5pHOQCGibAQEYLl1azNrYQ6B1Ddvuq44vxS7mgul0Ew0CYiRzHuEvbKk1nD6QY4XguBAcbmbkGNt0uDYMxaxwaBJ5WwImwaTP6Lik4NDGgtDibCXRrFrSgUwHEAw3KIFm36wB63Kjf2A++g17cuWC07CZj7yhtFw5hDXm7SREx+HSyYwhdmF/xXMxpf+/ulw1QGoHB0nXK0yL2Ez11Ur0h+Wa/4KwjjXqVc3K0BkCbnUkjpfVbsKm+GKLRQa5oEuuT1MlXLSvQ8WHXGcLPPtNioQhaKEnz/wDEnBCxxqUr03ajWCVRulhESRutzhMVGolp1Ci8Y4BmmpRGo8o+y8xiz3qR1pQTdooafF87r7D6qww9Um4262+UKgr8PM6ZHj6pMPxIsOVxv307QmTwqW4loyrUjaf7unWGTENg/hqht/R4FiO+qjVeH1aF2HMw3BBlvsf0Kg4PF5tY/urbA1yzynXVpuD7LJNuOmXkk1oYZxUwS7lI1tEhcUa+cyTY6BS8VgqdZpHlPTYeh29CqepwypSIAIezqDceo2KmMVKOjPbTLV+FY4Q4W6f2SUeGNHlMCAC3USDIMm4ULD8VBs86WPUKfQxYOh+aTL8sFo0xyfZFr4XIQ4mZOtxl7iFCaxwsC+Q4xtmHW607cSzKXPs1ouRrfYDclVVbEsc+WhrREglxeSBY8uknoE/FKTjbQ2Gftor8MXkDM0Nbmgkv5p69j0XdV7Q4Pd4hAJIJGcdCMojm7jZOVqwqOAI5ZEgkz03sOqkMwQJDczgBoRBEXt7K/ZJmi7RFwVFgJqFzs2rOWwbpOkX6RurHMB/U8MeU2bY9MxJsL32hQq2NLGFjCaurINsoGhb27aJKFE+ES8kkjm2bOw7m0RoiSvYEjD4k+LkN8jQYm8TuQYMnqVT4fEmtVcJkAmWGJmdTaFcNwzWzUsHdgDmBAkvaNx1VbTwWRwNMOY1wl5dte0kbm/0V49EnQt+ltVwDHSxzCG5QAel7G9/Zc0QGNcIksgmGkBwmQRlPmvHQQipiXFodGlzPXTQ6ECfmnq7cwLc3nYYcBlyxB19UtP6YEd7nDM+CA46OdBiPWCmKdAklwdlcAMuURrqCDp6p6pWPKHCZaA4kgkEWttB1K6rVIIaDJdpBGYd56KFZI3Wwpu0PzDQ2IgiDMjVdCapEOGYNDZgn/qSXfZTKJOQySDYyI6wbHtvooJqEtdTyhgnX8wmYDjYG+qsiolWlGVjr/wD2QYd2LROsKTgBlcBlDmk2INwBub6BRnsL3ABxa5zekgDpn0JtqnMG0sc0WJuS+C4Ob72BUg/Df/BWIMvbNtQ2LA7me/Ra5Yj4IxbBVq03PHiOIIbcEgNuQD+i2wC7vDd40cLkr/IzpCRC2Gc8t4jws0Xn8ok+4iNO6z9Hiz/ELneWdPuLL1zj/CBXYQLOtHeDMLzbj3AyxzntEXu3oVweRxPx20joYMyumQeI8OFRpfTJvsbwf2VFU4dTLOcZqnyy91fcMeWGR7/qp/E+HtqNztN421HqsMMzi6NksakeePp1KTvzDr+6ueGcXEc1+hCfc2OV4nuqnF8Kc05mWOsbH9itPaGT9vRc4OK0a7GcTDYpGSSJJG5PU9lzTxIIy1BlGxbqP3WVw+OJdzAzaWnURrHZXNKoCNZ7dEnLj6isctnfEOCtfzNdP/Nuo9Wqgr1KtE8wluzhMe/RaPDViwy0/NTKrWVBHld0/CVEM/XUlaNv4IzWjOY3iQfh6QDtXmevufmodLEtLg1siD1Jn3Uzivw+ROTkMzH4f7LKEVKFSHtLZPqPUFbscYZI/FmWcJY/TfYavIEjMOh/RysKDAdDl7O0WV4ZxEHefotBhcSCudnxSiy0M9fZK4jgy5gbGUtMgxqehPTqorC5sA5mm9tWGbd1Z0K5AgadDcfJPtYxwvyntokLO46ZohmKShTqUsozszEhot5xrBOsjonn417mOlrWtJcANzGrv51U+vwlrxYkkXDmmL9Y6qJX4WyzXMJa2DmBu0i5t3snwywkN7JkPB8QaQRUmfL2gaPznUbdVJq4yaeY+Q2Y02Olndxb9VCGJa4ljGuEkS8QHSD06SpXEDLPwv5gOWRyzB13np1TJJNgLw6kQ5jogZSMpAPN1Hcp/DURBcRpF9C4dAOib4hXFJrXVJc82DRAj2/VMNxNWo0jKGFpjLA8oE+w+6hRb2Q2d4/iTHcjS2DIOW7iI77TZQsJRmZPNHLmMnXYbBP+A1gawNkE6DLmOhJaSbAE6dl3wvC8xe1rS2CMpiSO8b3V7SAfp1ctMQ4QBzMaREn8RT+AqOcDIGUAZQDAA7qC3CB7crZAYIm09wpmMp/0W0yHyQS0iNtZHRQvSG0X/wAB1PExVRz2glreQkCQJ/CRsV6OFhP9O8BUbmfUY4QGimSMoynUAdZ3W7C7vDi44zi8ppz0KhCFrM4hCquN8MFRsgCfTVWyCqzipKmCdHkWO4eabiYtuEmGxZabX/mi3XxLwwEF7R6rBPaab3OsMoBv3MLznK4bjO0b8PI1Q5xbhQIzZmMnyh7g094vJ+SqHUiwwYIO7SCPmD9DBSMx4bVLnEua4kgHzCYgT2v811j3EnMzy9Ij59UmUElRshJtbI3EOGNeBs4aEahUpxD6LstW3/ICxHcbK+w+KMxo4m/YKRiaFMgyyZtDrlw6kaAT7ndXx5KXWe0IyQ3aINKsCBonWv6XVPXwNWkZpCWTdn/qU7guIB06yNW6EH0RPAmu0dovjyuPpfYbHxyuGZu4Oo9EYrhdKs2BzDdh1Hoq2nUzafP9wp2HYQkbg7RpWSMlTM3jvhp7DmokuG7DqPTqmMJxQtOVwII62PoVv6VRr7P16qDxb4dp1RLrnZ7bO9xunx5kZfHJ/Ziy4FdxK3B8SB3VrRxPSFjsfwmvhySAXs/MNv8AsNffRdYHjREA/TRTk4qmri7EKcoumbqliO6sMPUDyARJWSw/ERFjKtMJxRrGF52vG/f3WJ8aUZIYs1ukWvEMPQpgjSob5WEZp7DfW491Qva1xjxAJgiAbEXsDvPaEnEMYQ4kNF9XRzEADzGbmZuob+IUniHCHaBaq/g24nrbJgw2UvqVKmeZknQNFoG2uwUfH8ROVrBDnFsOd2A8sjdRaTfymE9huGsJJOp3vHpHdXUl9mjpq0LSpZTec0WkyG5og3upzcM4ktILaYABDeU6SXSdYMD30T+L4dUbDg1robY66bQLzGyjsp5amckOe4gwbwCYibRoFDF2TW1vDADpLPwk8pMaAu79lo/gvhLa7XVqoDmkwxtiGg+YTrqspR4bVxVYsbGUPuDNsv2C9R+GuDnDUshdmvPQfJbeHg7StoxcvKlGk9ltRpgCAIATiRqVdpKkcsEIlCkBEqRKgDmowEEHdYP4o4MGOzfgcR97A9pW+hRsfhG1WOY8SCIScuJTRKdHgnFsNleTENmw+3spHCMZs4SDYrSfE3BCxxa4WOh6hZX/AG5acu/0IXF5OJwOhgzXoncQwZaQ5twdCOnQqtOPJdzWH8AWl4a5r2ZHmDoCevdVHFeH5TBH7HosEJLxm+EVJ2x1jgQAbjb0UXiXBWvGca7Pbr6FQsNiTTdBEidP2VvgsUWi3MCfb37qz743cWMnhjJGc/3D6LstS3Rw8p9ehV3hMYDE/wA7hWuIwLKzbD1adVnMXwmpQ5qXM3emfMP+pTVOGbXjOfkhKBoMxiQu6GJvrCzmB4sCIm+7TqFOpYnOYG8LPPjNOmVjlNRg8L43/Ebu29IWe+JPhzCF5FFzxUkZiA0U3H/2GtlPxPHsjfAAiOVwMXF5v00vuq/C8Q8MyQCQZ10/un428UfiM/EpbkZfivD6mG5mlxbO45h6gbd11R4oC0ToD/cz8oWsxVDxudjtrtJvB/RZzGfDoMupch/L+A+nQrTDNCaqemIlgp3EcxXEIZHW6g064mDuqvHeIyG1OUiIB3HY6Fd4V5dMDTbUx+qb+BJWhX5JJmiw9WLbdVqeCYAkZ3abD9SsbwkeJVYwfiIBjoNfsvUMJTvawH2SFi+RshnfWjk0ZHToeipuN4aHlo8ryHONvNaAOsx9VoqwEQNRopnDOC561Os7KWMaQG6nPOvomrEpOijy9dlv8M8MFGiNCXcxIETOnyFlcgJKei6AXaxwUY0jnSk5O2CEIVyoIQhACJUiVAAgoQUAV3GeHCsyDqNPVeYcV4Ybg2cDY9168s98S8KzDxGi+/7rLycP5Iloy6uzzKnMjqLHurqmG1qeU+bYqNjMLckWKYpVstxqvLZoShKjp4s1orOJ8LIJBt0Kq8JinUyWm40I/T17rby2qNRm7qg4rwku0Fxp37H3TMOS/jIf+Y6wlbLcEmdOvurWm1tQXs5ZLDVXUzBlpBgzt7aq38aebpsJk+hCrkwtO0RLKpaIPxBwDMZaC1wHmBhZ3D8RqYeq1tYRB8wHKV6CS5zJqGBOkSTbTsVVcQ4Q17SMpAd5tb/uteHkpLrl2jPPCvUVGI4n4lVwm0yPSLd0hdm9OqpsRg6mGOhLLiYuJ6qZwvEzdpB/VaJ4012h4LWd3TL/AANUhXlKq14hwHruFR4cg3FlLZWg9lzMidmmM0x/iXCmuaWkCow6Tcjv2PosvjfhKs0GpRa57Bctg5h6Hf7r0Hg2FLm5jv5Qem5P1V4WgWAt6fz+Fa+LLIlvwTlUWeT/AAbUBxbGuBz8wg2IcBoQbzGi9NwYMWHqdR91mvjvgznvo4miQysx0E9RqJG5Gk9Clbxiq1ubwczzq1rhE9p2WqcoWqYiNpmkxuJFOmXE6WHcnT6qNwOjVZU8Zz3hzr5Gnl6DMNNFX8FqVMU81KrQ0U9GQRDupnV2i09OmAIuqx7OVjE01svuE8U8QlhgOFxGhGn3VoFm+C0/6oIGgN/VaQLr4JNx2ZMkUno6QkCVPFghCEAIlSJUACEIQAhCRzbLpBQBiPibhWQ5h5Tf36LGcRplp5RfRex4vDNe0tdoV57xjhpo1DnEgBzh3i4hcvl8VS+SGY5Uylr12YdswHPglwOxA0t3+64//pZ2ExmuIcJa0HoRqQqPGV3uBcCTOokFv4SdOhgQdwU9wqsQ6DuLzouZkioHSxpM4xr/ABHHMD2c0czfV03HqmOHVeZrYktmRpzE2PpurnE4UXIbZQ8bhAYcLECSe3f9FSOVPTLyw2rRZYys0kMBkNE9y71UzBYiBDhIWNwmNIeQ7UfyVoaFaQLrPyMTWxOOW6Za43hzKjbCQfdYXinw06k7PRt1ZsfRbbDYot3/AGUt+SoLmCqYOTPE6+v4LZMCkedYDHgmDZw/CdVoOGUzUe1san6bpONfDjXkubZ40c3+XXHwwatLENp1mlpIIY4g5XGDH/l2W/4ZV2j/AEZ/lB0z0LDUxYARED6f5UipGsT9NFFpOi0idP3/AJ3ULjHF2UG5nxJ8jfxOO0dG9XFaItKJDZC43iQXspNuTcj1sPfdWXCOEBgzOu7rEx6Kq+EaJql+IfdxMA99/kLBbO0A6DRUx4VKXZg5EY0Q29vl7prY/wA/hTtSi9zmhjC4HUyA0epP6K1wXCoOZ9z02W6GJt6KfkSHeEYXK3MdXfbZWLUjQul0Yx6qjO3bsEIQrEAhCEAIlSJUACEIQAIQhACQqf4m4SMRQqU4BLmuAnuIj0VykIVWrQHjmF4dlYWOEFoDCO4sfqs9imGm8tJ9PReufEvCxPitGvm9dj6rzr4gwc3Gy43KwNOzZx81OmNcLx8y1xsbJ/EUS08umsyqHD0XOcA0HMdt/wCd1r8LgCWNFSCfpPRc+WM6imkjL8TwOaHCA/Y7FMYPElpyuEEbH91vBw2nABa0ztAtf5ql49wRgZnpg8nnbGg2LfQXI6X7JsV2XVmDP1T7RIlLESrDBAvMD+BZ6mHMN9Nj17rbcEwRbRaSDL7ucNQDoIjTus8uN8qLxy3HRJpUspEG3VFakyo0hzZYTEmLHYgzY/2UinTAHf8Ami7bQzkU262/ytuLFWkUyPRiPH4hmdSa8OykgOcyXwDAkgxPsq2pw/EB+auHEn8Zv7dl7dw/gtOntJUyrgabhDmAj0XT/wDKnE59uzD/AArDaLdNTPrKuGMdUcGtHr0Hf+ysqfw9RaSWAtnUA2+SsaGHawQ0QEY+M1pl++jjB4UMaGj/ACVIAShC2xjSoWCEIUgCEIQAIQhACJUiVAAhCEACEIQAIQhADVakHNLTusB8QcOyEtI10XoZVXx3AeKwx5gkZsfaJKdM804NwxrSS6c5nLHra+wWhw9MwABOxKg025SZF2kSDt/CrRjoJn72J3hcRRqVM3qfxQOogXE/3myZbRLnAdSZ9/4VMxbAGaiXRaLjqp3AuHzFR2mgG57lPx4+00kLnP4mI4p8PGnJaJpnVv5f+Te3ZW2DrOygi7Y2J07+nReg+A3oFDfweiZ5BfpYfRbMnD7O0ZseTqZKm91Q5acl1hpYDqei1fCuGik2dXHUqXh8IxghoAT0JuLjqG2TPI5CwhKhahYiVCEACEIQAIQhAAhCEACEIQAiVCEACEIQAIQhAAhCEAC4KEKsvAMHxL/56qdPkZ7fYoQuJP8AdmteEjinlp+/3C1GA8jfRCFt4vrE5PCSEIQugKBCEIAVCEIAEIQgAQhCABCEIAEIQgAQhCAP/9k=","10","sugar","Nattu Sakkarai","2020-11-19T12:34:56.789Z"
"c906be13-73ee-4133-86a7-29ee8106722g","Product","2020-11-19T12:34:56.789Z","Palm Jaggery","1","data:image/jpeg;base64,/9j/4AAQSkZJRgABAQAAAQABAAD/2wCEAAkGBxMTEhUTExMWFRUWGBcYFhgYFhYXGBgXFRUXFhUXFRgYHSggGBolGxUVITEhJSkrLi4uFx8zODMtNygtLisBCgoKDg0OGhAQGi8lHyYtLS0rLS0tLS0tLS0tLS0tLS0tLS0tLS0tLS0tLS0tLS0tLS0tLS0tLS0tLS0tKy0tLf/AABEIAOEA4QMBIgACEQEDEQH/xAAbAAABBQEBAAAAAAAAAAAAAAADAAECBAUGB//EAEYQAAEDAgQDBAgDBQYDCQAAAAEAAhEDIQQSMUEFUWEicYGRBhMyobHB0fBCUmIUcpKy4QcWI4Ki8RUzUxckQ2OTo7PC0v/EABoBAAMBAQEBAAAAAAAAAAAAAAABAgMEBQb/xAAqEQACAgICAgIBAwQDAAAAAAAAAQIRAyESMUFRBBMiYXHwQoGx8TKh4f/aAAwDAQACEQMRAD8Axw1TAUQURq+cZ7w4Ug5IJwkMcJwkGpwEgEApZUxT6pAJJOE6BjSmIT5UiEARhJS1ShMRAsUQESEi1AAyFAhEcFCEwIFRcxFUXBMQAtUC1HcEMhUIAWITmqwSoFUmIrEKDgjvCC5UgBFqG5GcEJytEshKSeE6YjdYiAILSpgrlZqGCkAhtciNekMm1OmCmFIDBSaFIBMAgZEhO1SKfKgCIKUKQanyIAgEwU4TQgCKg5GDVEtQAEpsqLlVPEY+mzV0nkL+caKkm+hNpBS1QcFmVeOD8LT4/QK3RxRPtQO6d+q0+qfojnEMQouCIQoOCkoA9qGVYcEFwTAE8ITgjuCE4KyQRCGWoxQyFSECypKcJKgNVqI1DARAuZlkwVIBM1TCQxw5EBUQFMBIZMFSUAFJoSAnCeE7VIJAQhUcdxalSME5nflbc+OwWXxjjJcTSom34ni08wDsOqxhTaN5+C6ceC9yMpZPRr1fSN59mm0fvEn4QhM9Iav4msI8R75VegG6Fojbv2UquHESPER9271v9cFqiOUu7N3AcZp1LTkd+V2/cdCrteo1rS5xgC5XEvotPMFKrjKjm+qc/MGnnO3PdQ/jJvQ1mrsv4/irqpIBys5DU/vH5aLOJmBt7kJzrff3umkX5/C/Lf8AouqGNRWjCU7J0wTf/f7K3MKYbBHv59Fk4YDUbG/zjxutOniCYmY68vlaE5KxwNKi6QItsiVKZCbCtkbQrWexFotM6/00K5Zws6E6KBQ3IzlArnNAEKDmozmoZTTEwDgoFFe1DLVaJIQkpQknYGkiMCE1TBWDLCypNUGKYckAUJwoSpByQyYUwotRGhICQWf6QYospQDBecs8hv7virWMxYptLj4DmeS5PiGMdVdL9hYCwH3zWuHG5O/BnklSAl8NgWHz6oD3ffvSdUtp8VXfUkzK9KMTllKi5SrEbzrM/Q/d1dpVwRF7jzmPPRYfaJytEn3QrtCiQImU5JIUZNhcWDNpJ6TfdY721WPzeqeWkQeyfAhb2HAzBpP+y1g3l71KycfBThy8nJio11wf6dCFPNGv3J3XRYrBU6gh7B36O8DqFg8S4XUodsTUpjX87R+qLEdRCuElLRMouKsK1sCefcr2G1B5nr8ViYHHMdbMBpc25WvyXQ4SnLcwhwsbHXY8+atqiYys3MNQsDz8D7xtbzVstsY5GfgUDD4gWYWl0GBFrkgxbbTlrrzVfENbJGkmzuQPIcyVzyimzdSaRSr1mtMOOXvtPX76pjBEgrO4xxNrzETHnJm3306rOoy12Zpy7Rt4rCeC9lrLWjeIQ3BCZjJ1Ed10YGdNFi4tdmiaYFyG5GIQy1CYMGkpQkqA0IU2hRAUw1YFEgU4ShOGpDHTtTgTYKNfGClOW7hvs3r967c00m3SE3QcNtJIaOZMD3rPxnHqNOwl5/hHwLj5AdVjcU4tVxMF5syW5oguFthuqLKDG7SeZXVD46X/ACMHkb6L+MxxquBIAA0Am19bk38VQqP89UKvWgGCqtLHA2cQI0OgPf16rphjroylP2Ge5VnG/wAuZ0geaJWJF7X8r9R3JcPvVB5CfGw+a2WlZjLbo0sHh8ojUn2j8h0RqlUN5afceSlScG3Jj6DVZlZ9502Hdv4rLt7NbpaLFKrLptrqtijXkfA/XrosGjqB9+K1KLtNTtE69PvmqaEmaTfu/wB8lbaz8PmhUWb7XPjmII8grrBIk9Y+/E26rKSNYyOP4twOm1xe0DK+xBAhrpmeY7hvO1k1PhzY7PZ7rdLePxXU4ilsRPznWJ+7LFp1L2vEzbqZnn84WiySaIeOKdoFRoVBA9a+N7nT735KnxzhuVvrGudIu4FxcCOYJuL+C32NsPjrzNvvZLiWHBou6g/A26JKTsckqOTw12gyZN/DktXBaH7+KyeGEZG/ei0aLiCOhPyVzREDQpA8tv8AbuVikYER4++6hh2m3U/P796u4alf7OywkjdFcHookI1enFx/SwuhBsgxtqPvVc84VtGiZBOowkptDNIBPK06fBXfjn/L9SD8CtXDYJoblkEaHstE98C6yrQnkSOYAUwFex/Dww9gkjllcfeBCq+qOhBnuKllqSY7XZWF2+g8pPjC5ridfMcg0Gsbu38tB3Lsm4GaIcXtAk2Ji8R8wvNf2+ajgdiR4zefFdXx4N2zDLNXRdy2Q6hshVMRJRcNQzdo6Tpz/ourrsz76Bfsbn6WB3P3dIcHpDXM47yYHk3x1Wi+oB4KpUrTBJjW5Pj9UKUvAOMfJUqcOYBDZb3OJ9xlR4dhstTWZEadQfkrBxA8e73BUa2Ph1rQVouTVGb4p2adc3I0VSuPgED9u9Y/szzN+WtlJ70+NE3fQag7736LUwwE9QNO6Bt3e5Y+Hdf4rRw9UTIt9/d0UNM16D3XOm3jrHfdatG43HTW0XP9OiwadeGhs6EkeMX90X6rUw2JaBme4NbrnJAAM3PfrbfRZs0RexYEFxsBeeUXk+C5TBV5kukTJOnPnz0Cjx3i/wC0ENbIpNBgXGYmJcRsLQPHmq2HfGum97RPNUoUhOWzo6IMAATfkD4G2nZKDxR3+G8CwDHG9tj71nj0hpM7IOc8m3A/zG0d3NVMZxGpXBDzkabZWbj9bjd3XQdEKLTtick1SMPhNWRl5T71us/pO/O6yK3B30zmpmYvB18NiFq4GoHtkbRI3aeRHeR5LaVPaM42tM1+FizgddvCfnK02MgSJPajzHTvA8Vl8MJM6yB3EXBnw+a36TgZaJGmkxtoPLrbosZRNVMqvAySRfuHuhZ1auKRzFocBsdIm3xlaVeNvL3fUrI4qBlJ6fL+qycfBopGl/xtv/To/wAJ+qS5GUln9KFzPYKpd+bLPIXPdIJ8lCjTeNjHPSfCSfNPUb2oGv5i4t8iLnuCvNaQ2HGTuYy+5cSTaFZnVK5mDJ6Czj7iT4QtDDObAhuW2h274N/NVXtDiQItufiBv3yEiMv4ie/5b+ZKEnQwTqAL3tmSYdHIEZR/J7l5b6e+j7sPVNemD6qoe1+h51nkD8bcl6fUq5S1zBmBcA8j8pzC3OHEExtmVjEYZtRpa4AgiCCAQ4HZw3C1xZnilfgcofZH9TwjB1i9zW8zH190rqTAHS0fJX+L+gbmVPW4NpcL5qRIlo3LHOsW9CbLBxj3s7FVrqb40cC0kbETqOokL0JOOSnDoyhcLUuxPrSqtR0/eiDiK8W75Vc4jqtIwJci0+oALff3dZeMMo/rJGqqYl11rBUzLJLQ+Cc7OMupt3rcFA5YLp59/wBFT4BhwZedrD5laNVyjJL8qQ8S/G2V6dMA/cLSo0TlkR0vvyNlRYJctXDukRy8PuVm5M2ikRYHbCPvUKFfh/rARUnoQbjT3rYo0J0Hdz0mO+IRzhfDa9hI2nbx5LNtraNUk1TPO+K4KpRIGYlp9l0+49VQYCbL0jiGAa9hY4ag9SDsR1BXn/qSx7mnVpIXViy8o/qcebDxlrovYKiBpv8A1WkKfL4Kphbj77oWnhm5iOt56CJ7lnLs0iqNPAjMIPKOdxt3qrjsAQTUpRmjtAEw8eO9pBVlrj7Tba38NPei0SYJOnP5e5ZW4u0a1yWyngaoIDwbyTMREgBwjY20WmzGC2s23tffS23uWHxehq9rsrtSdj+8NDpqsSjx1/sua0nSQL6+9bKPJaMXJRezvK9cNB5xOu2omLbrFxhfUHq2CXvcALgCAZcTNgAPiEbgnAsbiYimaTNS54v/AA/WF3/A/RClhwC4l7zq46nu5Dpp3rmyZYQ/V+jeCckcl/cSt+R3+n6pLr/2ocj5pKOb9k0XcY6XZGlrYjO514BuA1uhcRzsJGuihXIYIBt1KsPx7W2iRpB0XnL8dVgAvJmTeLSZLQBoBoO5ckY30UdY7EtcM1NwIkw+bSCQYAuYIIgwsypxFzjlJ7UTaY6xPX4rHbi43117x/unaXONjlI7TSdyNR3ELTigovDGmkf0Hls4b25j4dV0eHxhDgKnsu9h4BIIjNDgLzAmw0Gmq4zH4uWGQByAvpzK7bENLWMqNE0zTYT+lzQC09xHkWj8wWWRG0CxXfLGwRlfUpdppBDmtfnIDhYgljQR1hV+JYGnimkYhgqdp8ZplvaI7LgQ5toFiNFQ4gG1GyGEyQ7NTdF2kOa8wRmgtabg9EXh/EDIBEhzndqW2c5xMOg5YkncG0QUoyfH8bsHDf5HO8S/s6pkE0azmH8tQZ29wcIcPJy5LHeiGLp/+GKg5scD7nQ73L1+s+NQR8P6qjiQt8fzMke9mbwQfR4hiqb6ZyvY5h5OaWnyKpvdK9qq1iBE25G4PeNCsrE8PwtT/mYakerR6s/+2Wrrh86PlHPP4svDOI4QYpDqSjveupdwLCRDBVpjkHhw8nNJ96FS9E6VR7WjEvaCbzRa4wNYIqC/huj78cn2V9c4qqOapiT9Veo1oOnPuJ/r8ltYz0KDGtdTxjHBxeAH0ntgNNiXNLtQQdLTuq/926u1bDHvfUE360+Sr7IewipV0XeFVB2b3nNydYTAOk9k79eq23VA78O0ki4k7gA6X5wsbBcCxDS3t0CAdqjzI6DJ1PmtzC8KqhgbLbNI9p0Xi5hgnQXmbeZ9uP2DjK+jIxjmibyBA+/FefekhjEu6hp930Xp391qzhBrsH+V7viQqn/Zcyo4uq4p7ify02t6DVxUYsuODbbHmUpJJI8+wlWw6rUo1g0Xi/dtdegYL+y/Bs9p9Z/fUA/laPitbD+g+BZcYdjur8z/AP5CR7k5fJx+CVCZ5rQ4kwRmIHcYJ10jvC0cHWr5nilhqtR9olhawazJcABqI6d69V4bgaNJ9P1dJrDnAGVgaNDmHZgEZc1lpU6hNNhAHs78gTHuhZyzqrSKSd0eUYb+z7F4kzXe2i0/hb2j4nQH+Jdj6Pf2fYPC3yesf+d1z4cvABdN67b3BV8Vj2s3E8gQT3cp8VzT+RNqrpGixqwj4aIAAA05DuXP+k/FRh6Yc72nmKbc2Vzt3vA/K1sknoOatYrFvcCATTJHtADM22rcw1HOPNc76R5crnmS4NLGlxzEBxaDrvAF+/mZwjKF72bcJHP/AN6a35h/CPokqSS6LXorgjr8SMzA/Ne5O95MrkMUCSdAJdFvzGfiSuopg5Mtjdx3HtOLvmuf4xhyx7h2dGu1v2s20fpUYzDRTgAjcwb/AE5IdStB1QfXXF9OQ6dVWxFbVbKLY0LGYuAd12fob6Vu7OGqDM0NIa7eB+Fw3EfBeZ47HDQGTN40srHo7jyMVScCfai5/MCLx3rafxrxslZlyo9bwuBbTkU3zRN6W5ZPtMn8TNIBuLjSIjUwmpESfAEdTcHuIVJrTHrabspPtsPsOdzI/A+fxDXcGxQMbxk0gyqQ8UnZmPcAXNY5plrnZR7JlwJsbNsV5/GU5Wts6LUFvoPUxGIpj2nUwNLCrRI2kTLO5rm9yNhMW6ow5m0S8GxpueGuHiCWu6QU9OuXAOaWkESCDYg7giQQsPH1adOpmMUnke1BZIFvaHZdBI8+qak56rf7fxicYrZZxNVsxlqNO4Ia4eBafkqZd9kOHyTftDnHNYnwuqFV9bNdzoMwG5R4afFXFXrSBqjUYJ0LT/mb9Vb4awiqCRYNdfbbksrCUwyT6x0uiRUIdEcrDnzVzDYnKQczCREGINuuZJtLoKbRZZmdh6HZJgOBsZkENMja7UBxy3cI7wR8Qs7EsMy5zqpJJmKhMuMkzLpN9UbAzFjUAO2apOnW4VyS7JSa0aeGxjdi3+ILSo4pv5x5grGoxmAirmIJEvqRa+5Ra+NxbWzmfTbGrfVvgdZzfBZ1EdM6KniB+Ye5XsPVB/FPcuapcYqfirVddmsHhZkq3R4tm0fUPP8AxKg/+wCn8V/oXCR1FGmTo0nw+qL6xrfacxv7zhPgBJPkuHxmDbVkirVa4/mque3ycSrnDcAGAf4rp5iAlziug+t+zpcRif8AEY5rXnLnLSQ1oc803MYA0nPAzOJJaBYaoPD31gGCplOVoaQ0PLBlEQHn2jYXtMq1gMPTptzC55mD8BCVZ7nmbgcyPgLJyyuqRMcasFxHGuLXXAaATlaIDoEwb35RosvCNLGkNPMnldxOWdgNANgArtXCMF3ds/qMjWR2YA16HvVTF1DaLSYHIeCzcm9GsUkVhiXB5zFpa1kkAQS9zoptBJ3DX7bA2C5XjOP9Y4CZgS6NMxvHg0tHmuqx2BZDmU+y585n3c6XNguk9AI2sFxOOw9Om8so5iATmcTJc8mXHp4LaHF/uFuwcpIeZJaUMLhfSM0x/iMJiJLd/DYqPGOINqVs7CSx9JoBAJGZjnkh35bOCLWwYIWbV4XYhrnAOsQCQCOsaq8c4GMsb8GFj+JwYbcjfYLMe57tTqui/wCBgIreFRsutZ8cV+Jk8MpPbOaZgyreFwhaQ4aggjwut8YHol+zKZfJsqOBI6EcXYGMe6WtdYuAloI1ZU5Cxg9NQtnhoc1riHZmuu2IBvqJmHDTyWN6PNaabmPAc2YIPJ23mLLTweH9UCKTw9n/AE3mCNrH6jldebPitI6d9lbEvFJ3+G0MzEkgNygn80dZ1CDgsXNWT7WRzYIBaROZwO94HPRa9LEteILS07sdlN/g7vWZxIU6Tg+PVuE6mGmQZs75JqW68hWgVbD0wZa3J+6co8GzHuVepTmCCbX0naNlcpcUYdfNpkeSFXNM6ZT3gfNJOV/kH7FYNzHLaf8AbZR/ZSPwz3FSaADLQAeYt8ERtV2xKpuug2+wNFgDu0HAjvO30KPh64God/p+qHUDnGQ5wNhYDYBo1HIBPQpEtBncgnunknLaBaL+HxLS+QHQxpJsPxFoEX70fFVXvaWNYzK7Vxe6QJv2QyJ8VQylu/IeEg/GPJWWYmOR8/qs2qaaBlujgLQXRJmzSd56KTeH0mySakdXNY3v0n3oQxoOpPgcvvEFHpcMw9WC+i2of1l1T+clEX7f/QO60jNp1KT8QW0nh1NtIlwa/OA8vaGy4E3gPsr4BaMzKdSrFsrCZuTqSYA71uYTB0KY7FOiz9ymwHpoEWviXRDRJ2mbfL3olKLapaJTaWylRrVW5Q+m2mXScvrPWOAAkl2UBs6CzjrqjOxbhq4AacpJMATz6dVW4fSc+q416t29lradOzWugn8TpccrZOgi0rUr06bLU82Yj2ne0BEWzW8giUY/p/YmMmZ1XFgEgky3WeyB3k6bIVbGw1pgQTN5ECCZdIkWm3Uc0wwoY8m8zJ1c4mAJJOlgLAAWWVVOdxfBfllrAYDRe5kW1EzcmByCSjHwXbGx/pC/K9jWtabCRMgO3ubGIjvXNhW8ZSFMu7WapUOao4adGjpYeSqLeKj/AEiV+RQnTJJ0OzYc1CeF2eM4KHNGVjQTfSD7vu6zaXorWcToBJjWSO6AsQUkcy5iRYuwHoYQJdUk7ho+ZVTF+joHZYHl3MuaBp3dyd0HJHK1WgK7w/heYhzmktIsAQCdYMnQWdoNGuO0HpKXo5SZlLjnd2SR2rEXN7AjaI8VS49WMEtaY9kutABEOIG5huXkJPUK4uxOXozK2H9S8BjgQ8T0luo7uv0RmOIJLgH0yBtJAOsjQjkfPmsrE45z3hxtAgR13+HkrOGc5h7NpuWG7b37Lhdh7wRy3ScbQ+VDV8F2g+jWLf0vJczoWv8AaZ45u5W6fE69MRUpOc381KHT3tBHvA7lQxNRhdmBNN2/I949k99imw+IDiWuqBsWuLecgJtN1e/8gkvBZq1KVTtNYCT+gA9xgTPiq1ajb2HeDX/Uwh4lj2nM2owgbhzg7wbBH+pFbjnkQ5s+BHvEhFSW/H7hrwRp8UBytfTkWE5HNI2uYj3KTqtE6SB+9CqVMUSfYcCOvwkCfBIPnZ3iU3FehK/ZZeKRsc3ucI8AeRVig2iAAKhjZobPw01VFzJ0InqT8YSp0nxEsJ55nf8A5RWux0buGDTBLXHftAac7EqxjMOyqA0NywQZyvOh0iwg96xqOFeYDSG9Q52hi3s96lXFeiAfWl029pwuGl2/RpUcd6YjYw/o6yBmkxyaG+clym7h+FYIJvynMdOQErCfxGr+IuIiYzffNXMLixElu+5A0Mcio/JdjpheFeuN2ZgMzoBp5eyHw0mQIlt7rTL6jQXVHN8TAA7gCD4lDwvEGndo7j8z8kf/ALu4y8U3kaZh6wjuBmPBS5Jvqv5/YKdA8BxNz2ywNyyQMsukNdlzADaxUsTjqlNpc4ho2BIBJ2Fuems9FcNcGzQQO6B4BUMURmmxdsTcj93l7lNxb60Uk6AYrHuDC5xDABJtFtTrfT476LGxeOLqbYBLi4QPfH7oE36K5xKrTENf2nEwG3NyLWG+tz10WfjKgYwgbQOpJ1v0ELbGlXRMmZjrk9/3CcIbVNq3EShJJOkB6ZwzieYDKcwIkRJsb+BhFxmNqNgjI3Ql1RwbI5ADU68lw3AeLDDTTfOQuzB1zlmxBA23tvKu8b9IqIZ2Kjc0WI8DPWBNliscrpCdG9X9KMkesIaJsQC4G+uYCBYg3hZ/EPStontB1tGGSZ/VZre+Z6bLmhR/bWgVH5WyDNw5xAtEnTU7XGkC7cUYMPScWvqOgE3ceWgnS8CfpC2WOOle/RFmjU4/UDCGw3N+UaTuXO3tE2VHGYtz7SdADzdGk9JLjHVYXBalTFOzOByDNYDXUtudTINx3Lp+GcKewdo/UA6g89dU8mNQ15KjNNWjHc1O6seyQ7K9tmkmzm703/I7InFcUaVWm0nKKjZBIkFws4AjwF1rcQ4WypQDmi8SHRGYOGYNPO2/9UtxpvyDaejAOOY8nO0Bzfaa+RtPtN0HuUjhqZuHPpzv2alPwIv7ws2uD7JvFr6jpO4+7IFEhnsHIf8ASf3hz6hdCiq0zO2mbX/C2NOZzc4sQ9oeDoBeNNBeUb9m3p1T3GHe4EfNZFPiIHtmrS/Uw2PjF/JaQrio0EPL/wBWh8ZET4BRKMkt/wDhUWm9D1m1oj/DPeXN92U/FWfWW9gjuI181nOkfjxDe5oePcCj0q4NpcT1aWfz7qXDV1/krlsJWe6RBMby0Hl/XyUG4gj8XuCE4v2kf5S7+UJmUnxEzc3yOGs7eKTx6GpF+ljHfmt3N+iv0nMd7Yb3kt3EbnkSsujw3NqW/wDpnp16e9RxOCNOPV9vyG3OYG3ms3BPpj5LydGx1PbIe4A/L5qGIrvc1zabIJaQC5zWtBIiYaXHfksagyruKbT+qo4keFOx8SliKrmCTUYLiS5lh3BzySe+Elidg5Iv0+EHNJewWcIALiJLdJj8sab7qWIrljWspOqOIyjsta6wIzFzg2JifNPRc7JmzwPzFuUeAJVZ2IdaTY6PrOygn9FFhBd4uQlKT2HJII/F1XTq2ImXSes5bDzPcqlIVXPLTVLRrlb7ZHNxH/LBvrc9EfF18rQ0OI/hZr+UfhHUyem6p1XU6bQHPysNxSpCXPJ/E97rvPUwFcIJESmWHNawi8WOntHpP4W893c4scrE4gvN7AaD5lM7E5pDW5G73l7v3nHboEskqugSE0KeVM1qIFJYsvckpSkgA+NwxWUymKdUVHUw8DMC06EOY5h/mnwXUFs9VA4Vp2UQy8RuNmNi+NltYerbTDJE2Exa14jcWAN11HF/2arSfTdJa4AkAwQGukxuPYm+l5ELJxHBaTxBaPJZ3FKGI7OXLLQWh8dqCSTJO5nXfxK1jOEmq00ZSg9md6M8QOELqFdjgc0ghwbEx2myIIloPWV3uEpV6r3OcBSZkADSJPa/E+bNcASAwSbXtE836KYSkx7qmJ7VW2RzphoJ7REfi7R8hzMdXVxwIMvZI1OYR1cQb2MC53uqz5IuWlsmGNxVAvSnh9Orh30mdp0Oc02MPAc4Hpe3+YwsfhOOLsLRBafYiIk5hmGmw5eSNwXjtNz3kvYQ2XGbBsEhuUTl2mesbXxeH40NpECm4uzPLASGtAc9z2zBm08p6qeMuDjL2NalaM/iX/OeOo/lBVd1GVccxxJe+73GTAgT0GwTUsW0HLDJ6m8Dort/0hJqKtlAYZ7fYcR01HkUm5hqz+AwP4T9VtGrSy9pzAdRlNzOggT57Kvmbsj7JeUKNS2ik+ux1i+rSPOTHidfIqzharwOzUbVb17Z85HwKtfski4VN+Apm8DvFimsiqgSt2idTEie1Td/E4fRToV6UezU7s7nfOyCMJGj3/xT/NKRouH4ie8NPyQ5RHxZZbi2TAFTxz/7KLMfSzT6t7jze4AeRMe5ALX7Og90KQ9dtWcPBvzCE4g0zWoYouvFJg8CfIgg+EJ61ZxILHiRuWEn/KLlvh5LLY6rvVcfBg+DVNz3HVzj4n4TCh0uh02aFR4ialR7T+Zoyu7gaov4BVxj6LCTTo1Hu3c5+UnvcJdHRVPUIgomIFkk0h8b7HdjHmYaykDrlEuPe92vkEAUh4nc3J7yrHqVIUkOQ1ECKfRGa1EaxEFLoosoFlUgEQNShKxg8o5JIkFJFjo1iU4QTVU2VJWNBYVqTr2Qy5OXpUMq4zBB4jTuWTU9HQZuYOov710EFQNlccko9MVIxaXo7TCvU8GBYQr8WTZgh5JPtgkkVDRjZV3Yqi09ptIn/wAzUdC0haTbpnsadQD3iU4y9kTi5LTM91ag4Q3KOjZgeJQHYFrtyFpmg38oCiWJ8vQRjSplF2HfGU1C4dzR5kCT4qIwoC0CxQLUc2UopdFE0ymFJXy1RcxHIdFPIEvVKyWhOaafIKKvqgk2mrMqQaEcgorNYpliOk0pWFAAxOGwiC6cNRYAiLqQCke5MCgQ6ZObJSgBJJpToCyxsp0/kkkpBEt052SSUjQZiFUTpIAfZCakkkMVNMUkkxCOhUTokkmCJbINRJJAMZySSSaBkDqnSSTAEUSmmSQwEUnaJJIAamiN1SSQDI1NSopJJiGck5JJAEkkkkwP/9k=","11","sugar","Palm Jaggery","2020-11-19T12:34:56.789Z"
"c906be13-73ee-4133-86a7-29ee8106731g","Product","2020-11-19T12:34:56.789Z","Kuthirai vaali","1","https://5.imimg.com/data5/FG/WH/PY/SELLER-94744004/barnyard-millet-kuthiraivali-rice-250x250.jpg","7.5","millet","Kuthirai vaali","2020-11-19T12:34:56.789Z"
"c906be13-73ee-4133-86a7-29ee8106732g","Product","2020-11-19T12:34:56.789Z","Thinai","2","https://dhanyam.in/blog/wp-content/uploads/2012/10/dhanyam_organic_store_chennai_millets.jpg","7","millet","Thinai","2020-11-19T12:34:56.789Z"
"c906be13-73ee-4133-86a7-29ee8106733g","Product","2020-11-19T12:34:56.789Z","Kambu","5","https://www.waangoo.com/content/images/thumbs/0016324_gemini-bajra-millet-whole-kambu_600.jpeg","7","millet","Kambu","2020-11-19T12:34:56.789Z"
"c906be13-73ee-4133-86a7-29ee8106734g","Product","2020-11-19T12:34:56.789Z","Varagu","3","https://3.imimg.com/data3/JP/LJ/MY-11548528/varagu-rice-kodo-millet-500x500.jpg","7","millet","Varagu","2020-11-19T12:34:56.789Z"
"c906be13-73ee-4133-86a7-29ee8106735g","Product","2020-11-19T12:34:56.789Z","Saamai","2","https://tiimg.tistatic.com/fp/1/005/931/little-millet-saamai--914.jpg","7","millet","Saamai","2020-11-19T12:34:56.789Z"
"c906be13-73ee-4133-86a7-29ee8106736g","Product","2020-11-19T12:34:56.789Z","Mapillai Samba","1","data:image/jpeg;base64,/9j/4AAQSkZJRgABAQAAAQABAAD/2wCEAAkGBxISEhUSEBIVFhUWFxgYFhUYFxUXGBUaFxcdGhkVGBgbHSggGholGxgaIjEhJSkrLi4uGiAzODMsNygtLisBCgoKDg0OGxAQGzIlICUvLSstLS0tKy0vLS0tKy0tLS0vLS8tLS0tLS8vLS0tLS0vLS0tLy0tLS0rLS4tLS0tLf/AABEIALIBHAMBIgACEQEDEQH/xAAcAAABBQEBAQAAAAAAAAAAAAAAAQIDBAUGBwj/xAA7EAACAQMDAgUCBAUDBAIDAQABAhEAAyEEEjEFQQYTIlFhMnFCgZGxBxQjUqFiweEkM9HwFYJyksIW/8QAGQEBAQEBAQEAAAAAAAAAAAAAAAECAwQF/8QAKxEAAgIBAwIFBAIDAAAAAAAAAAECESEDEjFBUSJhcYHwkaGx0QQyUnLh/9oADAMBAAIRAxEAPwD2Okp1NNCiU0040w0A0monAOCJB5B4PxTmNRmgPEv4geGPIukIPSZayfcfitz7jt+XvXCgmGXcIMYgzBBnbHMEDHfdX0h4m6OursNbOGHqtt/aw4/I8H714J1vRvaZjt2sCVuKcQ0ww+AYmff7iss3B0ylYuFl2MGJKr6VBZwCOTiASP3GKdbZ42oVJJnYIBAGQcwJ7nt+1PsswO4QptEZJ53MDzPOME9yc5qz/wDJQG9Nvaxt7nSSE8sEBhA+ogkn/muTPZFVyGn0zFSCQrLLhAS2zgE4J7EGfkdqde1DqhUqEUMAxJbaQv4SMwSQDGTP+Y31qzKM9zeAC7FhEZEgKAcyIk5p9xl+mWSZZhG5rjEy3yB23cT9qnqdV5MVbe4k2g+NqwrbclSZAYccAR+ucNvadbVybb74H1DZnd9S5J9Q4O7jtUaXWKYtMu0Md0v6O+Bukww7gxHIq6ziQoIICiYzunMn8RyeAZ9vaoXmiHT33tv5qKiMBlo9SAiCoMEEgD6h7/NU72lVhEQQWySR8rInB47cVNqdPJ2uQFJVjncQjkgkA4kBe8morthcOSwbvEgEgxIJ5JEH4wPetI5yQ64gM3EYbV3bgOR2XgDcsc95PxitIaWkF4B9R2xAgwoYS3uCO9I1obiGYldxyWAmcZ2qWxIJz2p7XURZwWO6cAg55+Dj55qkeehAksJIiSSvbHH6c00+1WWElEAglRlmEInzHf7/AKVDetkEqQQZ4Ig/oa6RlZ5NTT25IJpCfalakBrRyPZP4TeI/MtnS3D6llrf2/En6+ofBPtXpFtq+ZOg9SbT30uIYIIIPsR7/HY/BNfRvSOorqLKXk4cTH9p4ZT8gyKENdDT6r2mqcUAtFFFAFFFFAJRS0lAFFFFAEUlLSUKS000+mmgGGmNUhpjUBC1MNSMKjNQo2uC/iP4dDqdTbWTEXl/uXgP9xwfiPau9pjqCIIkHBB4PxQHzbcY2zsJyBKMy7ldQDj/AEnOSQROcYpVChgWLbYyFgxu4BmJEg113jjw4dPchMW2Ja0/Oxu6n3GYI7giuJsq4JDIYDQyqwDMe0Adp4+K5yienS1G/Yskjb5aSxY+pVA3L8qd3EDntUmnG1mt7XydpJIYWwQOCMLnMd8dqbcbA/pK21wGuALLyfpxB7wY+ajkuNwtsQGYKpLAMuZDOTHBwBP6Vg9HmWddfQb3DQSxEFYYkTsKMDMZzI+Kl0nkLam5YYD0jd6i7z7chdsHAEmc5qi6AAE2VVcQ4lgJPBuBeZA5J+Imal8xSG2SoDEbVwrEnO7BJJHsMTSip3eCNkB37He2gYhfp2tJwCSZJEmcninpvSbm8XS0BRBwMz6eABiJ9zSWrIQzcMYJZQCScwP6k45mCO1RaS8zEC2wf3hTHGVAb0z+lWjF9+RFPpJ2gEEBGAMkn0leFEATI4/Smp/SaQi+lCJhoZvxEz2MmPsDViyVRFa5v2EwWG4BZMqGAwF/P96S3bBCki3ETA3XCxIJBMiOfb/igoqld0MwVtqnHZoJ5JOYkc1FuDZkljyJJCgcAT24itTUIGRZJdUWBsUBR78zBPef1qhDOoedwBkqPL3Qvzun84qqRJ6baaKtwVHVi/YcElgIwZBn6sge8QRmoDXVOzwyTTpi16l/CHxB6jpbhw+V+HUf/wBKP1Ue9eWrWl0LWGzeS4vKsGH3UyP2qmWfTCGrKNVGxeDqrrwwDD7ESKs22oQs0U1TTqFFpKKKAKKKKASilpKAKKKKAmppp9NNAMNMYVIaaRQpCwqJhU7Co2FQpCaaakIphFQGd1vpaamy1p+/B/tPY14b4h6K6XCjCLqSATneP7TxJ7j3+xx9AmuW8a+HxqLfmIP6iDsMsB+5H+RI9qoPEdFfUbF3FWBy0xESNgAwDmtK3r1Aa0PQFQhgsgQsAspM5PqPzBnNJ1HpIdgQBvkTwJ9juP65nj3msrUXV27GckwBgFiSTxt47Ygjt965yievT1HVmy/T7Dei3c2naYAtvhtzAqCAV7KZAnJFU3WDCnYABK7rgYt3JO4GP8wBQnlmRcXZBBCfTuEqQxEmOSPT2mp7zvG3ciyzeoKXuAPMMzxCrHt+vFYyd8V+iqDbt+os4H1Ff6o9I+n8UwSQf0zkCpht377cH1Sd/wBQBAkqRI989jzVjTAF2cAz6zdMhmYQVAVudsj6T/xVIMrANC2zt+gGZOCDtj0iQcgg5pY20hULvgui2xwjENwZBM/UOQDngVaQsUIZA67sNPlokCQI2nYe31H4xVd9QgZWRTcf/wCrKAQZEqPacnnmo9LeMgKttQu6YaQfggnZOTkexqUVySGaS2ig3LnmgTLAbtoJM7iOQo9jzSalRslZ2sQEBn1j4acfAMdqmZi5h7ZV5E5dRbAIB74UzB24yKHdllJIYmCuD6pwyKTO3bGftxWjNFYZcB0IDH1kDYsgGBJyQDjECqmoWGPA+xxV1ZtsVKEyO7ozE/i4mJWf0FK1x2UW0EIVLerEAcljH1HED5HFaUqOM9O1nkzJqWy8EH2IpjLTrYrqeM+ifAmp8zQ2CeVUof8A6MV/YCt8Gud/h7pinT7Emd4a5PuLjllP/wCpWuioZJ7bVMKqoasKaAdRRS0KJRS0lAFFFFAFFFFATUhpaDQDDTTTzTSKAYRUbCpTTSKhSBhUbVOwqJhUKQkUkU9hSEVSHn3jbw4ATftj0k+of2knnH4Sf0Oa846hpBP0yQeMAj3PbPHBGPjA+g7tsMCGAIIgg8EHsa8w8Y+GjZbek7D9Lf2n+xv9m/8ASassZNOzgNDZG5ixX59DMRGCFZwcA4nmtA6Gy1ttjb4iJK4AzsBBDgZ7jb8021fdGjsDJWF9JHLCYx7icfY1G2o06md6EmSyquQ34XUrkZ5Bwa4NNM+lCcZxsBq3khAfMH0719SCPWqgLLAiD9wDNR2dQ8hQj7WZZC7AqgxgGJJnEkiJqxa6lc+vypQoRvLSBJMgkAkDuRj5qK0GaFtPAkHPqE8ASWJKzntHsahfctL5rubbm2SZS4SFCiARt9JBEfTu4NU7/TvSVLeUIJU4CmViDOSxiOf+W3bPlgEnzA4LOQokEg5YxPOQZHapbqJ5iN5J+kQiqWgk7S5jtKgD3JnirwTDwx9rTtdcI29ldFEk7ZiCG7ZIBWZ/5juWkUMAzKfM9UyQVEwoQ/imJzyDj2jsWDt3+cQ26dzAwApIYkQQM8SJEc5ikuNvMqVvMJBZhtWPwwQoM/APfnFOXglqK8Q5nS2ptlypx6FjduZoG0AenAn5BHvUHVertfZVu3N+2JuOc7QIEgQGIOfk+/NWNaN9sLeKCDu3ABWxwC8yVHsag0GgFwxYsveP+hGfPy8bf1NdFDueaX8jsU3DPuuFidxkE8x2PFb/AIF8Ltrr4VgRZSDfbP0ni2D/AHN/gSfadfpngnVP6tSE01pRuZnZXcKMkhFlRjuxx7HivVOgdPs6eytvTj0c7pkuTy7N3Y/8YAiuiXQ80pN5LutLpZYadFLhCLSnCyB6QePTx+VM6Ml1LKjUNuuRLmZE9wMDH5U6xrUe2Ltoi4pEqUzu+37Vi2/EvkWEudS22bl1jssgFnjELAmSJyfkdzFHXIUW8IwLnjTUtrmtI9m3ZW+LRDqd/wD+TDup2mCCOV4r01DXN63pGiusty9Zt77u0DeNrOR6lUg8ke1LptR1I6oqbVkaYNh93rKR7SfV+g/asK0dZbZJVivv+zqBS00U6tnEKh1Ort2wDddUDEKpZgsseFE8nFTVQ6z0m1qrZtXhKngjBU+4PY5P6kcGjLGryX4pKj0lgW0VASQqhQWMkgCMnualoQSilpKAnpKWkoBDTTTzTaAaaaaeaaaAjIqNhUxFNIqFKzCo2qw61AwqAiLidsiSCQJEkDkx7ZH61FqbCupVwCCIIPBrF8R+HHvX7GqsXBbvWWAJIMOkmVkfDMI4O77V0BFVMNI8l8Z+FWteu3O0ZVu6/wClj+x/WuJta5gxDklz6fXBWAcAEn0EH2BGK+idTYDghhIPIryzxn4JZW87T4jt/wC9vijVm9PUcHaOPu6uzIhWdiGPpMi4W94MmOBuGPyqp/8AGuDKWI9puL/kRz+cfFSXmuocW0U9zBz+VVnN5vqdo9h6R+grKikdZ68pMnCOg23HVATMhlUR/aygAsP/ADTL+ut52u/aFt7gBGR6jEwZI7Z4rO1el2Ddmf1/WqcEmf2q0jG+bxZrP1a6cMxIJmHOCfcgYJ+5pz3b748wj4UBR/jP+azrFj1APuImPkE/H+1bXQekPqJUuwEekYBYZ9zA4qWkHFyyyboXT4bde2Ez6S2WJ/Pk/augHjUqx02xrSkhBcGbgBxKpHPsAZ+Qa5GxbFq56gWFt5UFjBK8GVGRMSRz2NbNzqt+4xKmN8qbdpVGDgx+MsfuT9qjkbjpN5Om1aa8fzGma1euacW1NvaAGPqHLEEyZYlYP2Fdx4X1Z1OnKNprunCAJtec47Ewx+SRyeTmvOemdQBsrptWXuWXcSHubX05VoMzJYiQdsAcfNW7PifVae02nsXJTeSjM4e8FDrChhAUERiMAmPesqSTOj0ZSjVZ+fODp+teGrul6e1rTao27dtnuXC4LEoR/wBobe2Bjv8AnXD6XX37AUqu/KuLr7m2tBBVRMW0OD23EDJBEdTqP4gXBccLF5GEBHUDaUKq7KFHByYJIk49jxFrVkXDYUwtwEksD64yEEmQpIPGMnHtJNdDppacl/c6nrPjAavyAumub7b7ibb+o7QJFsFTON0qcjHOY9C1XXXV9IEsvtv5cupBtiAdrQYRoJ5n6Yrxvp2rAPmKHUpDArNtQXeAwO6I3ACKudd8UXdU1s6ksVQMpVfTuyDvKhSFYyfVkQox71SJLRWK4ye6DXWthueYmxfqfcNo+547j9ay/EPinT6UFGvIt5re+2rbthmQpZgICkj3ryTpVi/qQyaZ1VAoNwXLvljDSLhWZ5j1RxHvFbvTui629dGq1BtpprQBZSyX122lAZUQ7lgheRB/OtKbZyehCLy8Hb2/EL3tD59u26XG9G3aSVYnbvXHqXMg8foaueGRrAhGuNtjPoZDkrH48AT8gVb0PULdywL1sHZtJgDPpmQFHeQeKxdB186u5buaK4GtLK6iy0K6Tw8czggQYP61etnPlOKVfOLOopaQUtbOAlFLSUBNSUtFAJSUtFANNNIpxoigGRSU+KQigIXFQMtWmFRMtQFYimxUzLSeXUKQFaiu2QwgirGqdLSNcuGFUSTn9hkn4qTRslxFdMqwkYIx9jmhadWefeJ/B4uBmtekmeBMfMV5bpbFy3cKXySd+wggAJ/rYgSB/jvXufXdD1IXvM0l20bUCbTqMRzGJaefqBzFcV1jrWhv3w9vRXr11FhgJHlsCcPaUNvCnOSPbtWZM9Glp35+nT6mP4i8FN5a/wBa0mC8XH2FlESQIJIEjMH/AHqjd/h5qLQE3dOlwiVUuWLKT9QYLGJ7du+K6jUsbty2vVmFhTbbZcCsCQ34XEQIIDYmJE84Xr/gXVW7i+RfW5aZYV715VKgiNqjAIgLBWMCMc1m27o3sUaUvnozzg6Z2ZvXbJWfpzv2iAAImTMT+tSWFYQCrGZCtA2ntgg5iOZ/SKt6rp72ifODyrkN/TIEAwF3/iz2BAwfaptM1nZcutuuNbMhSWRdx9l5nPA/zWWzttRWSJY3NzBQIKiTJAxgTk4g8yKfZuSTG9mMRtfZLbpYgggYn8ozSWunu4tzc8sMwBCz6d5+sxO7mTif3qPqWhuW7j23tlik+pFZt4PDHsQQAc8fs5NOW1lnV9Ra+W3ja4aQ7hSSe672O+M8ZH2qt6k+q8QuS3O08FV9IOImRjJqO9ptyetU5IBKqpQGSB6YE457zg4qzpL1tQVa6Ax4OYGMKYH3Ej7/ABR8Eim2SX2DH0I1tFEjepMkgzE/Sojgk9vkVWuapII2qhK7fUTtJGGI2ggcH1DuvemeaJIFsuztn6jzgmCsEzJnmp9TeO0+WA0JsYjcGOdrDbEMZ9vaalGrwys2pf8AprfbdbIG6IAb22kAE7fS0fPGKt6TWPYW4wW3ue3tBYt6lc7SAGJjExB7UlpGYqAuwvP9UncBx9ImOwyY9qbad5wyMykruKsXCLMqoiCee/c1URptZEZCjbvNtbmU+tdzAdmWGxPYn57ZrSTWuLZFr0gwzgTbDdlAMGdok/rzMHIGpNpSFcbD6vUhUgkxKA4MTx8H4q/o0SWFwXFdU8wBltEXmA3AZ+kHiRxu/KpSNKTujrvB/jB7E6fUk3bBGwAIo8oEwSWxuQAmZ++OK2/DK6e3rfL0ettkSS6CyZuRgIb2NxE4nnMZzXm+g0D6m5sVES4zlQByzAFirTgEgTIOBkzWmLet0Ti4+mv29nFxhuVJ+VBU9xmcGJGK0mc5RTb6WvL8fo98pa4zwL1PV3/M1OoZRZYcbiAjIAGgMBtXkn/ervWPFht3Ldqxpb2oF3i5b+geoqRujBEZmB811UlR4XpSUtpvprbbObauC4UMV77T3HuPtU9cz0Pwkth7d1rru9veFj0rtctCso5gN+snExXTVVfUxJRT8JLRRRVMiUUUUAUkUtFAJFJTqwfCvR7mmF5bjBg95nWOwIHP+rGahaVWbW2k21JFEVSGdr9dbtNbV5m421QP3PwJH61b21k6vWaK7qbdlnVr6FiiiTtIHqBIwDA4PxWenRwmtF3U6wuzs509poBGMge4UGAAAM9zmsX2OuxVnGL45N7X6FLyG3cEq3ImPnn71gXvA+iFwaly48v1GbkINg+ppGAAOAQMcVvajqli3cWy91Bcf6UJ9RnjHafmuIv6Dqi6whZvWCSHFy6NjWmYlkKEn1AEjj2gxikq7GtPek6lX2sd1f8AiGwv+XpUsvaVgGuM5O8D6tgBHaYOZiaonqt/X6i7ZseWLNwAXE9C3AmJdbipJMGRJxPeMcPr7SWbpH8v5ZJkIwdxKsZ2q5IUTKyJMAxV3pfWNRpriPZVtwAAACAON5w27MGMjnIPOa4ubvJ7loxUfCs9za8fdPFi7ZGluqfIRVKG4ty+p3G5Lo5O5TuHA7mZBFR+LOs6LVLbu3tJda+qqjn+pbtFSCYDoT+LiRwTWH//AKC3qLhfVaW1de7vm4QyuywSoRvwhdoAfJiBIioemdaa1aJQ7QY322IeVAbG0g5wZXGCKsnnCMwi6Tbz8sW5euXUbY7IjepLQ3EBpE4YkieQSJEd8TlXNDw10sykgruI395XckhZj/Oabo3A3MoW2qRJuBpMkQQREGQO84p97qDFkNm3ugEEphW3bj6gQPV6gc+1TN4NtqskNvStuNy0SLgaVRzLHblgrL8flWhbfzL9sb1dnLK5IB8tEmQg+IYyZmVBNZpVSfLIdG2je0kRnCru5BPeCSRU+nsKpm3tBVSjlSJJaBBYjBPE+/zRoibfBBcC5S1u3gnJh1afxqiqdsg8iB+wsNYhSWGZHrO5DAkfkSTx9p4wx0Qbt1tlKEKLMMpfO1sqckZgj/en6jQjZ5iqwQBiCSxdVtkSCGbbyxM84NWxhFO6GvAXfLYOYCkBtgGZLGDPMR7c1paC7bt6e411gt/eGt7DG4YVmVQMsJJJicDtVD+ZJUFbhmYG5WUKp7rByT7zx3qc9QRPUCziIUQskLgtuGBkcR7UfYV1Yml0KXyXuXSEkMSOBnCBBJJ7cjiq7rsLH+oFYmGU+qZOdpkke5q2x3Bf6dtSOBvZUJ9jtghvv/nsr7AS6AjbjdMIrd5zMfOT80J15KW+4wUOPwlgWEYPO0gkyY4j2nFXrKJcUeYiwo2z5rM0wYEA/SDBMe9UTdMyqm5GJAaIEiU/FEEZPer2m1cRvO3JhAYK7TguYg/7/NC2uGa1u3q9LdbbcVSR6/LuIfLU5I2QGDANxImI7YTp3Vr2kcvZLgHncUZbqkj0MpgyeMZ9qzr/AFPc29Li7+/DloP0gH6lH+Ao5zTtTeUbHFy2d4kON+DEQSGlPn3nJxUzZrFfk6XoGhsfy9+9qrt6zYYIiEH0XX3Ti2BuZlKg4wAG9ia6j+HNqN11ddbuadcEANahyAoDo8AAACPc/bPK6DVG/Yu2dXqtxCIbQKFraNu2khhmRIECPSW5Iwmk8LdS8u4bapcWChVLqsLhWIO49gezZlZxitLyOWpbT3Pn6ex634g0V3UWCmm1HksxB8wDd6e4wRg/BFT9H0RsWUtNca4UEF2+pu8n/wAdhFY/g3o40Omm6xVmAe6Gf0W2jIXsADOe/wClYXibrnULd7/pr9trLqHt7bBuQCSILjkyD/iul1lnkUHLwxeD0ekoorZwCiiigCiiloBKKKKAKQ0UUIUdJ0fT2ne7btItxzLOB6jPOe2c4rnNboNXc6haa6gNlGcrcSBtUiVVwczuC5HMTjiuxorLimdI6jTb5xRk3eg2PObVC0DfKwGJPYQPgdgSBxXC6rUazTBn1f8AS81Xt2baOGuM743KRkBZ5mTIr0+aw/GWlZ9OzW03XUhkIALiGG7Z7ErIxzxWZwTz2OmlqtPa+uMnkXiLrGrK2bOqBQraja7sfNQvKMwAgNCxJzjNVPOstpV8rTKL+8tcLMZZPVC2xPpyF4/xM13vXPCmn/l/5nUPdtblU3URQ/raCSFj0nd7HbXnZW2jMClx7ZP9NjFpgexKHLEDvOZ/KuTWcnujNOK29PyRanXqwPmXQj/TcTaoAUQoCgHDBAOO/YHNZ93WMINtbQYbmBQGdij8UCApHv8AeeKv9S2uMLcMMXFt7YDlXE7iWGF+flc96pXrboIdAsjG0TAOTK8jmZpZpobqrt2Vdyxggm2bdwbvSBAkQ0HNRefdJAYnaT/2/SzkE/TAmccznFO0lxdxbduSDz5gUmJiSSP96gS4AyOkKEA3uhgNBMECBJGOKqRzbXLLdq6kNb80KqlAipPr3bgwaSSYIBOfcVb0nTVe1dIdAtlUujaArhicqcgR6SM4mPaqFzU213NaYywnfuXdvBwIInO48/8AFPAvKWt7PYuxZpusoDLLAeqOQDjFKBH1RnLb0blp3YMt+FVKk9hwPY81Il68d3CIQ5cbk9O5QDOTAP7DjFVbVi8G2nYhwdymA8nMAY+Z/wDQljT7rYglYO4l/pb2K+/H6VaIm3bVlxbRuL5nmlbawPMlyzBQScDAz+5PapBasoxdfNLDCkyqtIk7iZ9x7ck/BhM+oh0O1TAUgq84b7NOZ4kmqu+5AYHaCYLh90n2IE5549qUVP8AyLK3FMkKQpn+qcSSMgAcREcdqTS6eZRC527WEbY5A3E/Crx3M0aW7Pq9bNkAl1WQcGAPUoieT+9RqrqwtIwEtxPqEn7AcdwKhrbhF8awWwp33DcG/LO4KngKI/0zIHPcGqCMlxjvAD8u20OpyJYrEkwc5B471Pd1VyXtu5AyitbH0xkjHYkiTzj9ZunqbauVBaGIN0gi2AwAbeOQN3x29qC28E+layUO8MVUABA53OZBkTjbAMgLMGJ71P0bpr3boTSWbhvyxNzzAAJjLrt9IGO325rMfp90BQArTuVDbIMACYlog4OPY/atbw7qG0dwj6L0BNwWM7lYzdHIxGMfemAm28fcNXffzWS4bQdP6dzau2WWVgqMHK84x27V2PhfxHo9G117dy6bItIXtSG2vIgLgbjBOcYBJwBWP4r0j3NQ1y01vfcVHNkICS0BCLbqcsdveJxkyBUXS715ba6nVi4tvTXVUbrfrfMm0TAxIiTMboyYARrlCXijTO48Q9Ru6/pouafS3W3uD5e4K+xZ/qA9wSBgwYJPYVf6db1z2bRtpa0wCAGy6eaVgkD1SsArtxGPc1Fd0J6vpbTM1/SpuYm0pH9VeAWwMYkY7/NdTotKtq2lpBCooVR7BRAH6V2q8nhc9q211fn/AMLlFFFaOAUUUUAUtFJQAaSiihAoomkmgFpKjv31RSzsFURJOAJMD/Jp1u4GAZSCDkEGQfsaFp1Zy+n8D2l1Z1ZvXWbcXCFpVSfnkgdgSa6qqvVNeti095wSqLuIUST9qp+G+sNqrRutaNoT6JP1LH1cCMz+lZwnR0lvnHe+Fgzeq+Fbl64906p5IPlr+FCQcE9xn4x85rneu/w8e41tjc80EqLgJ27VH1OjTzgCu66V1i1qN/lEkI23dGGxMr7ip+paNb9p7LztuKVaCQYYQYIyKihHlG3rakfCz578RW3S5ct2X3W0by0ZD5kiMDGMiPbKmq38vdkNqfWEiQI8wgZgsG9Mzyp966bxF4ZGguNbF2RdWLRY/wDaUuN0oMtgRI5zXPuFVQvmrbgAsXQyzyZiP078D2ri8H0IrfTuw1+ot3NrWrDWwDG3cbqyPZGPpaJzis66iNjcWbIbeACoHAVT6eQM81f6f0tLzktqrVq40shkmcEkcQoIBOf0qtvKM29w8d9oiByxcHtMCDOaLAltlgr6PTiW2oCkZbcIXbJJkBYPHHvyKdfF0rcayGW2YJLSxIAwRyQYnHsa1+pap76r5mnVEXh0Xy/MEfSVmSJj5OOJNZfVrF1FQPp7tm0S5t5ZTHzOYiOe9VOzm47UVdq3Dj7KAVG1Yyc5IPYD3qSzZVhGQdykbS0bSJnY7Fc8Dtj4q70zSNdKC22wMYEidw5ZgZBgLJz7QDnEHUdDDAby3baoO6EBEAAk8ZnPE0voHGskF9LjKN9u3JgEhpcSYiexxxMU1L10rttAhkA3RkcgbjiNpnNO6ZdgStwIZklsu5B9K7RwMVpKxAABa00DcFA8tmnJDRkGDMdxRsqjaKGjtecQxTfcP0INoQwR6mJywgHExn8qYwdjiyTaDHaVlcKxAXcASPbAzTW1zqNwAW4ZEmDC4JAA47YJqW15gOzyltNz/UE9p2nGD96uSKlgfp9Q6qzbCFnaVRF2kYyTc9Tt85PyKk/n2NprILqGKi4dp5tkkYJkEhhIHsKbqkU4uAbgPc7RIx6ZI2/bv9qZYS4S4a6rKi7iDDTGMRgHM/lWcdTbV8DdOrWllFYKzNkHMYUk7uDM81JpkukFS7nE7C2N+QhSPxcgAjMsKSx069Kxaabg32lZiN4MyyRGBtJ9Q7Vp9J6cWutb1LtZuIFCwqu6sYj7TJOD/kitUZTXQ1NJ1ULYtaewoN17jMHukp5dxChXYZAQBTn9h373wJ1S9dJ093beW0pL3y4cli2AvcpyAT7c9qwND4Y6hZAtXbdu/wCaSNxPmW7CiQWAaDLhjMdgB3mu+0fQbWntXF0dtbLup9SiYaCFOZ4J4rSi7OGpqRaa78GwKWud8N9V1F6zdW7aK37RKAusLcMSpxyJiSMHtWMeodeJP/TWR+af73OK3u8jgtF21ax5nf0UUVo4hS0lFALRSUlALSUtJVIFFFFQHKL0fV39Q76q4Fs+pUsqZQoe7DuxH6SYPEbHQujrpUNtGdlLFvUSxE9gfbFadFTars29STVdBCJ5qv1HTs9p7dttjMjKrQDtJEAwcH7VZpKplM4/wR4a1mjYi9qEe1thbaLAkmS0kSPtPeuwooqJUanNzdsyOveGdLrNv8za3lZCtLKwB5AKkGKn0/SdPatC0ttFtqOCBtAHczitCsvxLo7N7Tvb1Fw27Zjc27b+IRn7xijCbdRbweZdT6VpTf1S6WxburdUMtxFBCMGBe2p43EbiAPcRxXMafRaiwwuDRm2oYsjXgQrHMRu7jJE8RXqmm8E2TctXLV2bCQVtiGBYGd24c5yfn4xWH4z6xf1Fy5p1t2XsWzLesG4wTLekw0iDIWIg5NcZcZPdpyTlUfe/oc/0q3qNXci/qLe9RutyfUGicLgDE5meYrmepXHuMXeGLQfUzeqRgH4wcH2rqn8M+ZpDrbP9OC260AzggGJIJlYGSM/bmuY/ldNdKrbFw3mOYeUeck2xEq0/h4IOPY5pI7Jtt08cehVsXritIttvJA3ephtENwDzEZH+9M1eotsCSVB3ekgnaBEz/4HvHarepS7YxasXQCIl1IaThsfeMDjFUWuvZ9OT5m0bDkcj6jxJwPy+KqRmTXA/wAxnneqEFQd+QBnJI5Uk4BNS67RFBauq4aywMMpP1gZtlfwsII7yBOOKi0t7a25QwUtJLCEmPTuOZjOKlbUeWWR7ytb3FigWCxOATHpkfMmjCWDPS6GLMsD6gLW5k2k8PM5+YIzUxQAMC1tAxG62NwK7cce+Jn7VYuXiT6AHtySSQCBEAbhnHq+n3xVu5065ctq1y1cNrcdjoCgliJndIVMc+nNVBxRROrtyxdCAcIewERKdp4OfftU/wD8fb3qNIzu/dTcUsTyPLwARxiJn/MvTenafe5H1KDtVWZ7RKggi4YlZMQwwM4jIs9K0dy/di0iIV3vCbm2LHq9XyYgdzQZq30OhsajU6B7d7VWCzEMES5AnALIryQmSDHfafmu66hb0psWuo6uwEuIEeFIJ3sAAAeHAmRPEA9q4LQ9XuLtXVC9qdK4PmIbXnQ2YCsWwRAM/vzXe+LNIi6WzprWn8xGe2ipB22wBILeyiIJ+T71Y4TOermcU/drGDqrDhlVl4IBH2IxUlMtDAgR8VQ8RdQOn0128qlmRZCgE54mByByfgV2PAlbpF3U2t6MkkblKyCQRIiQRwfmuAH8KrRkvq77GefT/nFdj4c1N27prVy+IuMoLCI5yJHYxEj3mtKpSfJuM5abaTJaKSiqcxaKSloANJRRVACikpaAKKSihBaKSioAooooAoopKAWoNZpUuo1u6oZGEFTwamooW6KHSOkWdKht2F2qSWIkmScSSc8AD8qyuseGdNqS42C3cJBNxQAxj3NbHVeqWdMnmX3CLMTkyfgD4zU6IpO4dxzWHG6SOinJeLOepW6X0xLFpbSD0gRXNeJPBHnXFfSXF00z5pRADcnuSsScRmuyNFaaTwZjqSi7RxXivw4BpEYXWD6VZFwyzMqwWUkmSTHPY/GK821N3TXbdy7IF9rjMqMGH9Nh9KkYU7iWE/aRXq/SPGNjV6htNat3GCht1wgBRGII+T25+Oa5H+JOhuNqEt6Wy7KqSyWdnpYk5ZNpIkRnvjjvzksWj2aDalsn6nGavRKUtMnnG44YeXHpQKNu/fnESZ5A+81Bc6TbUKtoKzgGXU7wQSPUQchl/IQea906DpXOjtreTZcNsBxCgyVgk7QBP5RXmydGv6Nio05VkvLGpQMd9sqewOFBCkjH7GpKLWTenqxlaZJ4R8LafWo4a6Ev+lmNrdItsMK24QGJB4zitfxP0zVKv8lpxZ/lQoG1iNzdyDI53CZHweZrL6Bpmaz/ANJYZNTYvq1xPUouBpAugtnjsZgAgTOew1Pjjpyag6e85W6rBCTbYqGMYkAxk88UatYwYcpRnjPl28/0ea+F+iJqNc1m7baztyyWnKhAoEbskeqQIBzJNd51XqOk6W9vT6bSb714A7VEFhO0EtBk8/A5MVf8R9O1aX11Oh2EwFe02AwBOZ/P7+x7HI/iHpdbqBbTT6YxhjcRwHVuGQzHo4M947VrhGbU5K3jtZU8UeG71q+l7RacXLOC1ncyeqSZiYIM9v0M16PpWLIpZdpKiVmdpjInvHvXM+Ablu3aOnOt/mLoYllZpZDgFUnJQEH9TxWj4p6dqL1tTpLxtXbbbl/tbEbWHcfr9jVWMoxqNykoSfHXJd1XVrNu9bsO0XLs7BHMAnPtgH9KukVk6Hp/mCzf1dtP5lE2syztBP1bfj9pPvWvWkcJUuAoooqmSSiiigCiiigCikoqgKKKKgCiiiqAooooQKKKKgCkNLRQCUUUUB59/EzOp0CnKm6ZHY+pORXeWPpH2FFFZXLO+p/SHv8Akch5pWoorRxZFZsquVUCcmABPya4rqLlesWdpI3bd0Yn0uM++AP0FFFc9TheqPR/H5l/q/wd1SEUUV0POIFA4ArC1/T7LXluNatlwRDlFLCPZomiihUbqDFKaKKEPOup6S2vVtMyogYsxJCgEnY2Se5r0WiisxO2s/6+n7CgUUVo4i0UUUB//9k=","8","millet","Mapillai Samba","2020-11-19T12:34:56.789Z"
"c906be13-73ee-4133-86a7-29ee8106737g","Product","2020-11-19T12:34:56.789Z","Moongil Arisi","3","data:image/jpeg;base64,/9j/4AAQSkZJRgABAQAAAQABAAD/2wCEAAkJCRgXFxgWFyEwKh4fLyAeMTAvNSIdKR0nLzYsLykvIiUgHx8nJyAlHScdJR8iJSUdJSUlHSYdHSUlJR0dHR0BCAUGERIQEhISEhISEhUVFRcSFRUVFRcVFRUVFRUXFRUVFxUVFxUVFRUVFRUVHxUWGB0dHR0VFSElIR0lFx0dHf/AABEIAOEA4QMBIgACEQEDEQH/xAAbAAACAgMBAAAAAAAAAAAAAAAABAMFAQIGB//EAD0QAAIBBAEDAgQFAgQEBQUAAAECEQADEiExBCJBUWEFEzJxQlKBkaFichQjsdGCksHwBjNTosIVc+Hi8f/EABkBAQADAQEAAAAAAAAAAAAAAAABAgUDBP/EADERAAICAQQBAQYFBAMBAAAAAAABAhEhAwQSMUFRBSIyYXHwE0KBkaGCwdHxYnKyUv/aAAwDAQACEQMRAD8A9xooooAooooAooooAooooAooooDFFalwOaQHUYBi/AJj3H+1c9TVS7LRg2WFKp1iM2IImtem61bnHPP2/WtnuW1JkgE/YH9aq9XCacaJ4U2msjdFJdNfkQ3IJXfn39xHmpW6lQcSd1aOqmkyHBp0M0UUV0KhRRRQBRRRQBRRRQBRRRQBRRRQBRRRQBRRRQBRRRQBRRRQGKKKU6jrEQgMYmqak0lbZMYNuka3+rVZ9o/7/kfvUPVdZAXEiTsToN/2Ko+pvBrjEbBhfJ1qSda0P9KTfqhGLDsErswSBIg8c6Mj1rM1vaDyvvs9+jsuiUfEbjFjdIxECFkmTHDeWA8AeaksdQjWx83gTGUSo8ZfhBmMQZIj1DBVrPWhSDqArkKI7VEen4iDvx+01S2utD3UtEgk6IjgcnRHdwpn2ryy3LX/ACPVHQvxxLvpviy2iCD2mT+aQOTtQQBxMxNLjqrb3A5BCnE+YZjyAJggHTfek81NxgRJcLBjMKwJAWANLo8cY5VHfe6ltCI7spXbhY0cCq5AxMzquUdR1T6/KdfwY3a+JnUt8SAuzz4HoB5M8TqKd6u/bJVbg2RI5n7CN+lcMOpRe2CzaIVZJtg7JY+skmIn9aZW+bTQvdAyHLYjckkCcyT3D7V3hvGk78nCexWKOt6Trw1wqXHkBYII+5JkmParZGIXvInf29uY8VxD9RdGEnAGBOiTPkmZ/QA0x8+5duFX5GtcKBM5NEEn0E16NLftLrk/4ycNbZZw8HYX2bElBJ/YfvSXTtcDAPyZPsvtNT2LqLb7DoT/ABz/ADWejv5qSff2ivY2m1nP8HjppPH+R2ikkVy5LaA4HM+5/wBqdrvCT9Dm0Zoooq5AUUUUAUUUUAUUUUAUUUUAUUUUBitSwHNGQ37VzHxi8xcW1ME79IHkz5iDquG53HFWddDR5Oi/PUgMynwAf0riPiXVlrhCuQILHSkYjycuAAfffjdb3Egtm/OgNpkOQOSwXVVt+6ouOA0aCkiFxPMKWP1QBOjG9Vj7vduXfzNPZbVRd/ESG6pjGYXuM5qGHBkKAPIxpTq3BKW1tkSNT3BRsTlJgZHgg8heTjSlpVLBlk5Bge4kngyD9MSPqCge/NbXbhsdsZKcpEkkg7IAOiREyNfyx8un6HtlHOCZrdtYIBUgYsRsMIg93eVHJUNHH/FUfSurXLPyzIDKMtOx8QxnQxMfakOt+IooIYzjiAoLNkNabuxHgQJ/3U6SFKqDBMOPqxBJBkYkCAJ20cBY3V4q8kSjgubty4GdbWgWwmOJMk5RJYkn2gc/hrFpWVLeQyFstH4iymSTocgFgvuuX5a06bp7YuOwfNSp3sBWMhmE7IBA+0tzW3zgyrasAsRvZCBo2In6tePp0ajUsiNDlq6JyA7QZLTjlG1EjbaIVhuYFIN1LDJmAYzltnXFiYAAHtLe1Ygpaa7eGcMRBCrjHhVK8ySdAZTUvQdVbYM1q2cR+FoRVIgEliJ1IyA9tescfUP5G8AA3S3dEkCGxH9bXMwojcfem7vXqoTIwgIkcwT5JB2vmYIikXvXGtuxwEyQACwCjknQmW7QYPlqx0Sr8t7uEFVw5yXUzEnc6HMbq3gcc2zobfXFC2J7XOI9hraDzvI/tvVMdF15tLipy7ueBj/ceTAP7iueZjffBwVUqW9MoggFhrmDitT9B1Vpx3Tgo4iQPJ7mAYHfAq2nqyXXunKegqz73/0eldPeDKCPO6nrl/hfxBUWG0CxAHkDx78D/Wra18UttgAdtx5J9/t5mtra7tOKtxsyNbbtN0sFpRRRXqOAUUUUAUUUUAUUUUAUUUUBilOpvMokLP25/am6574l8UgMFBkeYP8AAjdcN5qqMcujrttJuVJFXd69xdg6kA7lZBnUnQYa0dH9qqut6wkFWEhJ2DBA1AIkHbAbU7AOuafdi6Kbh0TwY0u9keCd1U3CJYglQTC47bgQYJ5OyvPLa3rF1Wa2lpoSt4m6rw0iWk5knkaDbnfI4+rxTl3qLas9kGFAkxHbzMkgljMf7VXdWXtBmZ32CsEqxjUmFIjWtzzUX+IVBbW0AznXmMjE7juafA/LXOrwel+pGzpeuKtoMSQEHBCqPJLAxIGgCIHqag+WEbJWkDI7ABy0pIUfUjA9xHid6q7v/EAyqlphBkt9WTDcwqjJRrkxzjoCq8/NYOSrBFGAUYjKY1kxLKNDcmI4qfoQpkCdI9lRaLiCYAUhZB/pEgsf6j/SseVLvSm3oZECdr2rAkNBy5Tt8wSD4FbfKuO4xQwPQYYzySZljE79auvhvTMpa/eWB3oF0AqmI7fBmefzD1LUz2TKdFV1SgB1ZcccQATlOW2L4yQAolz4E1lOpLMp7mIhvCqoHBUZaWAcCRJENH00rYuWiCQZALxyAyQSC5IkkmBi2oPcN05f6xmZGstBxTQBIYAHKCoxBUeRsbWKjh4Dl6jbdQzIq3DJfv8Ay4jgglmUFwBCiQZJ9DCvT9fkqBW7SpQB4LXJI2wA1yci0CB5rNzpLbN9aQYn6pkcdrF1Yg69RT6dIMFv2jiGFxTKqCQPpIxUQSQdGdH1pGqwRLHYXbx+XasoQSwDFuFVR6eMUT/T1MVq11XgZAWxPc3LgmWKrGwW0pIgCceagt3Wf6l7hCH8QAXjAEduUn1gWy0kmprHw8tnGSiUOxjmp+ogjuJjfcSRpfsoWu2VhtZMRaICDYIzURxAXHGBrepJ7fa2HUiQFbglyfCkyIOvI2sjXrUfWdHbtqxduzLCBMlpgcHuEfbj3ac9NdS3bwtKSWZQ2j2gkA+OVE7OhA89tJInng2bEbLd/M/WG/jR45EV03w74jbs9rL3GN8FifGwCB6fbzXH9PbKythLcAtEd7HGYksYVtak8kVD0vUqS7Xsvqx33ERGtjEEHckeQuvqpozcZWiNfSUlTPXLXzMSSe701r/8/vU/SdQXBnRGjXGfDviS2XYuxwGt5MQ3Bk8QYB3610Nn/wAQWXfFWBB/19K09tvI4blXji8/qZOvs5ZqN+eRf0Cqj/Gm2oa4p3J9cR7xxTvTdWl0ZIZFe3T1k8efQ8s9NrPgbooorqUCiiigCiiigIbqSIrmOq6K6OT/AJQ3AEsfuOI+1Xd66xfBdAcn0+3vSHxfrCgK6OWgJxP814N64uLb5YxZ6tpaaS8nKMNnADUmNjQ/9QmAqiZjn8NKPeu/+az97yEAAHb6xuARxG/1NN5lbT5gEBhoTB4gN5YDbe/4pqr6lgw/y2DT9WOUqDxLD8CgHFRj+aDusk1/JA+RzutyGQTsm6w2Aq+EkjIDZCirXqiUIu4wYn6SwWdkjIgKT+Kf3+qq3pemYkO5YoJaSflAE+RyQD6mPGJ/DWLqKWDscYOoLOzD1xaYkfSSAd5flqZCrZn5uWCsxxmScWQ4/UV7RGJYAzIiPNTde5+WpL5gkCZRCqmYOWjqRsnf61j4eLSq1xiQxyEMXgcAZKxkCPI1vLkYqja6F3fKRgECbCvMTokHLHZg+n1Go85GOyZbSqhVysHYhyXLb12yGHsxPOPArHS3crRUaRIedAMSGHcJ0GYcHW8ahRrgIPzNCCIIRCoiQ3JEHawGJmlkDQ3y1kEYNioAgdwxyPc2pkjgtkDSrLC6WNxjDtOInEnKQTc0SBAGI8Amp7/VW0YKoGJn1ULHMYBCeDiWk7xkd1IDoIZnYlXaGlsVCzIBIgAzMYqPTgZV1vwu/Z+SGAABfYjkmIENuZCNvzPrVtRZ7EuuitS9iqW1VFKM7ySIhpxIZtty2udDVLgM6C2LgfFmfLShCR+EsTLTPIGmO5q06J1dHBGJUkq3g8SAfQEccTGMRiIOp6grYC5NEgGMVa0xgcAQVZt5EmSf+KqxtvBHWKJQHt21sF5utz+JiNkgt9K9gIAEkn0rHXdUy3sFu/5RAIUBC3p2loIGXoSdHUBqVC21xuoB8xOxicxgwkhiqySG33GY+nioenutliDslgoSQCSDJZj9IMtrRmWbnc1knjaGukusLrsymAF5GbKTOgVJVZ2W8mOR3Q1b+J/Psuolcnw32lQI0saZiSSSNAGkerVU+SxTJyqIe5kwZiST2yTDSPP61kKLhBx7+6J7yqjTNLLIM6UEcj3qJUsleyG71Cj5ylYtLiSRClWMbB1J3s/67ie11SurKjlbiwDloEmAJ8EERuJju+y9/qLi2gIWdGD6jRJiQyABSpMDZb8tLdVdu4zmuREkKzOrECJxIK8ekfep4Jl+T6L23fxDqo78STqJI4KjcwQQw/gCmLcRK5zr8KAE+fEndVXR9NItwvYqhsnlZPEKuWQTZCqdaHJ5aHylOJ7jGXkAbmNH0Pr6Zbqso0yU0+juegvYkK3dcI37e3k/eePWuiUqNCJ/SuHt/GjiyPKwNnzI0RJ0dYn7GmLDMSgt8ltzox67jXMD0+9aW13iWF733/JlbjaPt4O3ooorUM8KKKKAKxRSXV9TgpPncc8+8A6qupNJWyYq3SI+u61bQBbgmPtPk+01yfU/FC2MOvAMNEiY3BP6gwKtn+EC9bm42zBkagDwJ/61yXUoqkgZFRJ4UTBM9zbMnWh/TWTvtSfbxF/M09hpx6WZDN7q0W23r4HOM6BY+TiJngBsaqul+WbD22JU3HUye0so5KxsDRXfrUj2GYD5i9u2KjtLRIUaGhIAiZjLWqRPTKubXG7AV7RyW8AljIUCRXijKsHt/CtDL3GOTKuNvwxhoUSSVVty3C7GgKX+HnIOLhYEnKYKFvMkiJI0ZMx7AZF//Bh1yZmxPeMYuEN4LcsxgAQBqOaXZ3ZRbBBQCDJzLHfaylTi/J+oaB0PEyyiRTqOqtGzlcVvbvYFvAOLMARvxMUp/i7CBFVnQ9py3tdkgSCQ0yFHHDQKbHTBgRkF+XEd1xAZgnFTkCR4g7I5pABnuBlXXjImQyiO5VIAJAJiI3wamKXkn6DnXPZbziPqgAMztoA3GPbEkLHAnHWlrHVdYAubwxttx2kQRiCyrrLjIeCDx21qejtM2OWw0ye4NkFIkf1XPp0d+tN3LOOSrYxYZMC0ADzOIhSMiAvIE/8ADVZPFCKVle15mVGuKCpCONlRAkQW/C7LGInZAqe5bu3AMUAU983GLhVHlcSZAH1T6jx3B9byZGyqj5JAtzpQrCSDvkMx4G+Gqkb4iVPaTAXDUQrEHwzIsMFBeZGuJq8Yq8Dk6LZenZW+YzhrYUrA2CpjWI0IgHUmRSHVWyCrC4IIIPLFk5EyMSwkFd+m96Q6S0LhGCyhJgnGZlDOTCTuMoGwW/qq4vXcFytP3IcG/EG8jtMiYI4/6Y1WWGqJj0QH4hddcVAe2cQ2MIWY6BclpAMDRGP5iYqIArcHZBWRwguZATozsY70IO1qRrzXiish7/QYP6wQe2Dxz/MVJeKLjkYIgDI4EEHUznko520ROqjNlyS8QyozD/N326JJBJDFfQTMeCw1Vx/iAt1GyHysEJ2oEkEHWOTMe0qAfw8brmD1KEGbeaCWlQtsEgwScmkj7CTH91aWltNcVmshQMeS7Er4EHUTEYjclZq0V6nLUhY+irtVRjKhMidqo5/BqQTjP8VPbGZxSSw+zE/3EGB+rA+xqM3jbRMQmJ9QzFf0YkARtlH07VQY2vaDswW2w/zJbGSRHlpX6RG9RyOCapKiy7M9db+SuN2QW2AIjUbZix0NaHFSLbQKiwpJB5lSQY0iiSE0NkCdc1td6u1bZATIDkH0IEAga2TI52ajsm27YoIK/mliwO5LK2R5I2p/2niIssU6wriCG14MHXuVkBh6+ldr8ExzJ5Yzxwg9yTtj61wPT9UuskOHAghlkckcGecpBPLc16b8DvW2txa4HPgk16PZUPfPL7Wl7nRe0UrY6kPMcjR9qibrlDi2Nt/p962fxVjJj8HdUWFFazRV7IozSPW30Ve8SPtP/SnqxFV1I2qEHk434p8QLWwqqVU+eJHgKOST9qoul6vuzukSYgDZLGY9mxAhYkSa6H45ZzcS2hqPp58kn78Qa5HrLpUqFtzgeSfxDyVE8aCiOBwKwt5J83b+RtbFJwpIQ6bqSz3mY7Y6E7M8jtBaB/SBPrHbUvTdGrDIhtHKFGWUakSNLMiWJLRwK26x3KlSxkicVABIHMkRivOjs60NUtaVlzY6IgFUBJUaCyynXHAD8nL8Vc+z09IjLIxuq3JZlACliDEmVZTjJ8jUzlruqax07R80Wy8DEFgHAjgwCJI4Y463jP1HSyj3/wDLtl2yiWlE0NSVxmB6Hn8Rpnq7V2Hs23KhAsLkklRySLYLDxoGf3qxWyPqLt21GIZi+wVLKJ5grOj48aHrxXXHvl1JkmWGMqfdT2nkDIb9fesXepWWtKRABJ7sg3EENoqZ/nxUfw7pmtuWaSByMiDOyCGH1EEDEeZGNIqibHSjRimLSoUCFOIGzIccknuII+nL7SPeXta677KkKTITksAeMCB2/wBuM+r9nobi53scQc/rKrJaPQxAgheCZ4pS694KFsKAB9mLjzkxIIkgho9DxFUzZPKLNeoTIpZtEKFZiBxJMsDvwBiqgeg36TdR8RvBEFzBiRIYdmPoASe4yIZdceKQ6l8Fa4cg7EA6MLHGTERHLYjQpa9bGDBpn+rEQfVcBqTsQ39XPdVuxxyS2rV28C6hQ4IZfRiQwhjsEMARkD+sY1q/UL80i5IYQJhlE6iVWVFsNwIJM9xjuE7LjZRdKXDswG8QfpwBMlgVnkRJ39Nai8wa0w+liqy4VwZ4JVSFkHXIjJvtU+R4Hl6rtcsMVcnJokvGiBkwIOseDv8AYpuqsVyyC9pHzIJBHGYEMNwVI4g5a4x1nXSwxZQwIXh1InQxP+aqn8pAA17Uz0y4Mree4ZEOp9w0ZgnnkAaqlVkmysX4eCSrOSCS+I7i8ATwJMkhVGjpvTKm7Vx7KstyQAZUlSQo4GLMNEAxLD0rS6yC4GZSzb2hAG4ktjcmIHdl4A9BWvySTkwlB3jZbKIMY5nWOTepjHUrV/CsiUsm3w5VuFw5JCq1xshADGYKtP0mGOv4+mpbFgsoCqwBESWXDHRIX5fc665PMd0VE63SCrNu4QIhFDgwQrAHJZAC4knRx0ax1l1giPdBklkZR2Y+mI9cYx3we0xFPoRy8s26bp0ZXW0kyWMmAF9O5iMmIEMRoVjqemIVO1WudqSCNNAEJ7qBMt6DVbWLlq4qsEMEGC/4YjZZdsgOmBE75qN1VWYkkyGIMNGRIEKs/UVPbH5Bl+WmbH0H+nbEOWlohdSMT5ksMSP7T/tXS/CviV2Cbds4wOYWT6AkHLyYrk/8ADiixmBMdrlR6uW5Y+g43Vz09+5bVbEAkw0AYmfMwfQefBPimnOnaI14Jqvi/wCx6R0VswWdQGbn1I8SRqftTVvp1WcRE/zVZY6021VLggiBPIPuPUVdVt6DTXzX7mDqpphWaxWa7WczWqf5JFwD5vJmOSY8DcRHtTnV3yo0CZ9Nx/FQWekS2DdgzEye4gen/wDK46uWvl8R0gsX6lR8Z64LcVToQ0nUx7EjRBj965S91FsKuK7JjmGUn6TkfaJB1FdLf6YdSWu/TAgT+IeSQdqeACINcn1VkKWVsAInwA33IU7+81j+0G+V+H8JsbBLjX5l8QpdtM2leWgKTBIeARCGNmTLEYD23kI7YU3cWDHLltLj4OJAJngLDSNcVNdZ3KrkSCQe2EuNP0iG+kRqeP31XdVcNkNatqFUYsQcsmnQBY8LPgRMc1xi7Z6K8DF/4gNKkxIEBUDtGhEwGUkHmZFI9dcVRGEE8R2EHnQYPuZPa36Dum3v3ijJbVQts6kOgdo2C7TKjUwP7dVXX7txroWySZ4IYEAjkswTS+MjV4EY7G1Qs4ZreJIhhKoGiCD9WWOzwOY9qYVzjdbKDEyvABnEBmTJi3JYeP2rmwzZX7oDSpKTkzwSRJYedAgDiO6JhqtWsYlQpMCXg49xg6Cr3KQO7YAmF5NV1IE6bRrfDO1lbSsRogtLFpkycjCiQTGuPbGpjasrbDtaYuSSWVsQxEyVBIntBP0yYLNW3SdV2FGYW2ICSYnESSEE8sYG4491ot9KqksQTCMo2HAnW8eCYXHtHJX+qrXRHYv1Xw6XQssBwW/GxUCQAMZ1ufG5rL9AqataJkiQlstEAi3onQgmQJJ5PctR9dcIFhWUsMRvyq7gxxMCcfcNo8XvR3WBF4HbwpBjFSJ1EaEk4mdQPXacmh2UFvp2VwzORduQOAgbnWTSpLDWuYHBit7vTLKi6SGJXQDy39xBKmTqVkGMlj6abut80uVGKxmwkYrOyQ2Lw+yYXA7ZpNUl+6vaSGgEKDJYT5JYCRjKnQ3I2PqqErZa32P9Pd+XmpYyCf8A08knX0spYH8vt6Sans3EvKGDLBn6UYsYkCWVif3J+4rRbzEuHfRjwnew0wMywJhcSZ161u6s1pGKlCBgolTkDoQmJWGMdzAc5f1VAyKdSptqVRZA7mgBy3BggmFQehkmPoM6LV75jqFLMy5xqRBkRCgquiuxowKmtZLMpB2pGWAXmQCpKtPLKoEa8AKFW6hlDwcUSYIzkjZIWACwPLMank3gRXk0sdAwZGvKpfJIykEqsyCFnzAVvYM0Aitek6y7m1q+wxOQBPKnxBXet47O41zTd+7bVA3lwjgk3Gy4nNpIkNOj4/5aUCKLasyS4h9GQQSSNsAqzB1yQOB9VW5WV+oxe6kpbKK5cw0FZXBhBPEASSO2G2ctVO7IruBLP28mPSCCe7ZMzsfi1WvV/EFBZ0YEMQMSGUAiFPcYyES2gCD7FqxeVVQMEyBEDKZxGye2MlJJXE+DyfMSJHrl60Co5Akn6EDHkgGMtfhxj7010nSt8wsu1BA5JKyASNmYAqsudCbRdbwLlgpgLtZEDuE8ARH9PinOk6lgqqdEifUsC0iNyCVMevC/lqjpEq6wej9P8bt/QZ1rYIOvYgQa6AGuR+D9ChbPuMQd6E/sNjcCNT55rrCwHNbWwlJxuX9Jhb2EVKoklFYmivUecKjDgyPIqSqDqOnvC5cdOIWIiTzOj6fzNc9xqNU0rL6UL7dHL/Eev+azITiOJ4xPqDqOCGX0Jqg63pgTcxcBAqOZ7iWEgETzlBHO58y1dH194MBcYYkSrAlkGXrocGZn3rm7iq5XJRAk+XAX2bIEeq61vR7qwtWXvM3dCK4qvdEutuoVttyQqp2yssIC6XY0Syj2xp/qUu9QQt7WOS5DREchkJ+kmcdzqtOj6dHDBQWI7pDF9nUMH7T2gBdSP/dSlzL5rtOHcJJnukQBHjg5HUGP7apJ+hfjkiu9MiYKoV0MhT3EKYJLMADBIPnQjKtH6NcUZTIdQnIQK4/MY2kxiBH+lRIcbiBTo5b4CGSTMDZLY4k/28U2/Sgq6sUj6+1l36gg+DorzBqbJjGmRozB8c+e2IkT+IFgdAHLe/5xqVBcRfkosxm2wQMTGyeYxB7jz9O5Wprdu2qtdCwXRiNszBtCYLEA+w81W2OpNtnUk5FQsbASRAG9zM/tUd9FrJm6BiEa0UlsT+UqTwR2gkQZ8gxzW97prVu46qzeOMRkxABOxxJkLMc/epurYZomTQF5kc7hiGHc2IP3kZa4rb/Xqx+YFGIZH4nQ0AWj3ygnf7VeGeisr8jK5G6zrsBWXyO06A5xWD3SYIjHdDdN8sLJxmWJ2yrBIJJElmB+onR1yOdF64YpuQBlgIhge0EsMO4kyo2RAyOqmS64yiYB1yzAnRDKZJkysed+O6qysmLN7/TpbsqGutge/SPLTsbOl8enj0FTO2FrtIm4S5zDMAu4Bx+ZDGRuYAFQPZNsjI4MxA9lkjLEMO0hdr6SV861fqpVllzjP1SAQNduLCTADMIneUCpzREcvLF1LXcbYC62SFACASZJBk68kCScatL1vEPdEhypRMoUyfqf0UBSMVA16VQXuve1Ki1icspE90SBkJ7pbHfIj3NT32uSmQIu3N8nuBiYJOoEZcDWUU4UTK2W3+MtXWVm0SDOME5CNrkpBBEFSACcTzGkLgDuWR8xsH5kdoPIC4fV9iOfSmuqVeyyzuToaltnQ2wOP31ocbqHrhatQiIWn6m3GRgaPiBvtHPb+aSXoRGSIept4WkLDt7onQAEAiAwYcgrAOv+akV6b5jBRbVhoyCePWQJO/qyjwtT3lC2kyAg5ugIgFdAFhLHJiBvgklmnwxY65RkrKjOQG8uF4BEDGBiCZBOz91q0cCTvJN8t7RydtwSokAyNxbJBAAX25jYFQ3XhvmqRlAQd2ZaIgDt+piOTyTWLV9bhVFQ5CZCbEGIM3CdcNs/064pzqLq/SrEER5JkjxljieO4COeajIiZt9RevlmmIJ39AABiJnwB/3NXidMIW7eAI7k149G9RHAkcx/TXO2GtsXgd5yYHFYBMgnU652fTzV/wDDuldlZVOgPxdqspgELM+gMxURj6IrOX9J6B8IkIFLT5B9V8T6H2qyu2FaMhMfrVZ8N+Hm1ydAQOTrXJP2EVc1t7SD400YW5a5NpmMRWK3orvRysxUVwEggc1LUdxJBAMT+/6VEugjgutsstxvmNJIn8wX1JAQaj1MVS3OtONsLgAwYbU+NSRkeSBuPNdf13w4Wla4AXkENPOJ5gjj77iuKulCVVF3jivnXJ0xjIwd8E+Kw91pOLp/f6m1s9RNENpUwKucYPdAJMjeNscSdbG4OTaIUUDqrkpanfqScRMdxIMHYMjXcdfTVsL4W2DcLIDwYD5RAOXagHHH80ollcv8ttuQuxhj6GDyDPj8tcbps9cYoWsXUtjFMnyLIeCQpJggeWDQf3/S3tdMFHZaGZlZZiCzAbDBdKzDuA1o81CromOE7ySdFhExORCgswbBYP6+IboFtWA2CSSNOTobygAkNllqZjZ+qnO8kV4JP8OzOhJUEKNfUFXUnFgV5AxmY+rdMXEARGjK24KT2qQB9PJ5BBK7PnzyhfVmtC5bIloVjtiFGgAR4kS2pmtbDEo4utCAqogZd4iSoJBiB3Ejkj3pWBeRlOiZkDMQQs6yCwAAMrkjImBwDx61M/UW0i0oMEqdCAzagAtoAmCzfyfqqqTpsrir5BC5OCrqwgiVLFWWQBHoeK36boxBVu5wHcr9IUAgcgSwBJ1P+lTx9WLsav8AxN1L2wApMmMgoYbJJYAMTomcpJjwaW6a5dKK+WgwLN5IEKCpYdxQSMmEAg81Ndv5FFxSCR4dVng9xA2J7Wx8VMEtMzsdkTJUsCxBAIIYBRBJ7o/A3HBdLojpkYt3boKqoKCeSWGthsiCAxO+0kTPFSX+nZ3+awkbbRDczMKx4J7lYATJZTvKoLvUG6cBngdCCGgyR9NsSRPmP9cqhvLiBi+alVPpiRogmZGo45jiopomORrqerZ7rYwA2JBMqQVyPaGEQzEDyftFJL1bKWAUkW+6eCpOiCNsVMn6ZiOIitlVmZFtEgneQDIJERKtomPOv/jWOquOtxGaQD5JWWjYYAAcwSs+oq0UIjFp7ZLIoIMsxlj2xEsFTTCSAvdJPb5FS9PdVrmOTwZVjPeABIYZAjW8k1+pxWkuj6cFnVoBODgjRUtohtcGBriam6Lp2RSETvAdDyR4xJPj1jnVMDiOXz/mraFxjkBEYxjyGECCkSGGiCPIOVaHpBcJyBIErIggTz2rbBPjiY9aSsfDxi5OiZAkgkkAyQFJAG45HGMbapLHUNjnbYqWInbKCdAAKFxmB3HmZ19NHFXgiN0NfKFuLdlQ3E90nXl/Gvwhte1RlQQMYnLycxiIJAyWAJBLDcyFpQ32uEKQCrTEEsSw51MmII4jmnen6tZRW7SsINSQdbM+GlsvMD3ypK0IxseTqb15QrgFSTwm8R7d8MRuYge8Gun+HdGW1byEb2Vgk7kkKG0fEVSdJJMgakSPQ7PbLAR+n93t6P8AC+nKJBG/0n9SNTXfY6POVPo8/tHWUY4H7KEKATJH81LRWa2ooxAoooqQFFFFAYrjvjd/FwhUREg6GPHBgkHTce1djSXW9OHRlImQf38RPmvPvtHlFo7bPVUZW0eX9ZbKtisyTkSVgAeSAwkmZ2Iqu6vocSfLKyxChTJkkuVAGIjtjVWl4XBkuRJXx3qAvBBOXaPaI/LVN1ZuEqZEiePmN2jZmVkxB2PSsKa9De0mJG21kujAq5Nt5+oEiSCBxisw3+9L2+jUO2ZIkZiIKtGyJiRPbrWgf6Ydv9SWQZGSAR6FQQY5P5ZH7Ls0tacqqIFeCCpO2Dfx2wwXz/U34atG6dF5P1NrVwG07MIEPiBw0kTzLYJ3ZHz6/VUdoB7bEDtEntntZmAiPMz2Depy4qNHZJuXPoUINfiUwYPkKwyB8gj3yG13rFANtBp2DyAdKPJwgwvM6PNWcbKRwZS8SXRS0LIUE5YsIG8hJJJPpGPG9NXMlxZiMTuNq5UE7+mIbZXu2CPWkOm6hdMx/wDKxnXlpmIO4gMzGT9qbssWur1BGMYAEZMQBJxEGPpKj9MvzUlH1EXgxf6q48Xl5HbjqEXYDCOYg+JmGiMab+WTpl24RCwhgV4UzKqSQe6IP4oqJurDNkwkq07TEsutiZJOU5D7UoXuFhcgBcnaf3AAgQsGS2UH/wBq1EYWiLosAyIhVW2WKCIUsQYLsy7gH6RI+1QPetkuwViDqJg6jYJWTwMhOgSu/ppQEwqs436fhA2RBG9zkZ3/AKS9XctfOVxyAiqBsiZBIHBbGOQZP2qz8CPkdS2VcMtkAFTIDAOAYgzxz9j7iNo21RcrIXcEieWHlchvmGXfI9JWnhcBBDiB3cxwMjLsIBAUDtRZyOOhyg/WuzYqFCLuO0jEaIdScsiZOj5VoqrTZMfmb9J8ubgmWKhQDALjwNmBiZJOiZH9tYDwHW4XUAIs/SGbgjEs+UgfVPJHjma30jovzVIRX7YOyw3AAI1s9x8bZoikrlpFCrkxcywIIxSeMSTGJIgbcaq0SJMsmdVIYIcCot8iSGOzPjuAWFHJ8nurUo6jEkwRiV7e6JAJy2CFxybnQ1PdUFsXjhBggYmTsH38jKIy4Mne62ToLczd+qPJgg+II0R+hEzUeMiKySIquVSIOh2sTHoTkcQQfMV0Pwq1algxlSADkFYwOMcWLKZPOhxWeguFVWIIHdECZEwQxPIEAGP/AI1ajq7y2zbIChpaeCZ9RM7MRME8tzU6eou/T79Tnrp9L/0MfDPhKujooOB7gx5LbgA8FQCZgHk7J46z4f0jW0hmknft+nt/37Ut8N+HlP8AMYy5AHpA/Xc/t6ACrqtbZ6CSUmsmTvddttXgzRRRXqPMFFFFAFFFFAFFFFAUnxRgVwKkz9x+xAP+kVw3XfCmFxQjwCPxFRifMxbgj3+1epVz3WfAlu3PmMdDwNT+o2d/9ivBvdo3lZ/we3YbtRw8Hm/VSuaKNDZb6jcYTPcwgLM5H/h3NJWmOaWwSQAY9Cwgws/UB3czOt11/wAQ+GN3NGKe+4jziAFJnSlj449eZUQylhoHWOUlvByjncwOfxA1lSg06f3/AHNfR1FJWipe+yq4YaJA9d7JEHcZePUf21DdvMykGQCqsD9Mn6TBHkkQ32NP9dbXu+YO4MrnkZLoGB6yG9wZqK/8wqyMTIaAdCZggGNcTlPJHk1MfUmzDm66oFEsNkEKoKiJIA3rYZSDO8QarLL3FyNqMASu+0KfE5RzEL9gv5acZ2tsihBlk66HJA8HcTA1/VlFRjrPJGpU+hMETAbRIOm4Eirx+SK9eRwZEqiIsyWloJZiCIUE5BQJ9N0DpHYOccSAWbmQfEMJLTBxk6ALaiCL1RtNbK49wIJgOST5P4coAPjnFuMayjMtrK+YS4Wj1YaAkD6V/MR7qo3VZX4EaWWa3Lj3sQWyAgSEORYyNMNETHPO+KxavKjKLiQwDLr8IMbLcxo5EbE48UrZ6ftYhuxp+lypU+NaBkxlTwDkIqouB5IOJZdHuLEsBoBjA/SrTIjgVTpFW4hBBT75FWMEH3Ut48/ircKjHJml/wAQ+gz5PbBO/p0ee00rlv5KmSNiO0HkkAnlQP8A9akPV3FMMMRJ8r3NucsRI+/P6RTi2Tgns4nYeCMhJ7D4gAAHkRogzGWjUN1VDLMuJPjAEnYG/wAM+kcClijKSVlSdw59PIb7jtBqxPT5tM+coAEzoyW4Kz6n9hTCeSYoc+QLjKzCSYPbIEaAE/hAMKyx4y+14emHS3EM5qIMeBPiTJxWQd/0rUdr4BdZbdyyPrJ+wPrxpDv14y811V3phb6dluhS7TP1QV8DIQQRA9N100dJ1bx55HDX142kny8cSosXku5taEE8gxiBJkiRI7o0OQ0LzXVWukR0DWoDDtyIGXuQeZP+9VvQ/DfnEu9sJoCVYEMP7RIEQNnevauss2VRQq8DVezZbd9vr9v9Hh32uvHf7/7NOlsYKFJJPqZJP7mmqKK98VSo8Mn5M0UUVJAUUUUAUUUUAUUUUAUUUUBoVBEGuL+L/CAGm2rGfwqAq/qwAI/5hXb1iuO526mqZ1224cHaPNev+FIFyuOEf0AkL7E+J0W9/Xzx/XXD3KxH+ZGvRhwSf6tY16h1NlP8VBUSwJBO4Ine/wBZ/SuStfD7rXbltlAJhvxRr0K642sVj7jSp4X5q+7Nfaa6r3n+WzkLlm6Tk4xUHE49xJGxBk75xYyIJ58RWekutcRPlmGlhlAMbIIaAJM/r6aq+663g7Ltw+lguTl4BncjY1Egit+i6ZmTFlneGJ7cm4OzJYD8p7R7RT9DtKWCsbpEt4Tby0wO99pgv2mGmQJ/5aV6p1dlyBxAWOGCREA4mT/UAR9zXQ9R8PgANaZUQEZEBYnwu4Ua8k69arek6DC0WyIJMjUBx7MYgDxHPtqq8WsvsiM0+hF7StE8j/7pBn/p5U+33WsdLa7ywbuMIPqIE85AqTEagD1q36n4Q4trcUyrb0WYK2pyBBhteeasv8PbXeRAGxKwJ99gj+4BfNKaWSeafRzwuQxXM4b9HEjkBWEwZGI596ES2HYYAkz7FRG9ZQSCQPMR21fdBYdkcqRhyeGdT4IJ2QRPdzruBiun67/wyjKly0uwqgLoZ+e5iffZ/wCsVbT0JNNorqbmMWkzk/8A6ezBla0TcEN7LHM+DOisz5Wr3p/gjXLRcJ+VRGK5AaJMiSp8bk7bc1bdN8LvJcsDx3Mx8A61H2gL+tdkBXq2uxtPlyX3/Y8e79oNVx4s4R+nvrds9MpMGGY+Ao5BP2EKPVvMTXaXenVxDAH77qes17tHbqKaPBra7lTIrNlUAVRAHpoVNRRXY5BRRRQBRRRQBRRRQBRRRQBRRRQBRRRQBRRRQCHV9Et0DLREwRoieYPvS/R/CbdokjZPk8/wAKtqK5/hK7rJb8WVVeCjHwm1bZrqL3Rx4kcRPB549aR6CwxvG41kAmdyxI+wbQnzAWuku5Qcef4qn6W51ecXFUJ/P6QT/NcdTTXJVy/RYO2nqNp2/wB3krvinTdRceVHYsRwcj4MTwOZO/FW/QdAFt4uASSSZ2CT9+fAp7qbBdSoJE+RzSfw/oHtZZXGYHwYgfbk/wA1ENvU7qTv81iWvcK91UP2enVBCqAPYAD+K16jpUuDF1BHvumqK9PFVRw5O7KnqvhNp1YYgExsAA/vVkqwIreioUEnhEym2smaKKKuVCiiigCiiigCiiigCiiigCiiigCiiigCiiigCiiigCiiigCiiigMVmiigMUUUURDM0UUUJMVmiigCiiigCiiigCiiigCiiigCiiigCiiigP/2Q==","11","millet","Moongil Arisi","2020-11-19T12:34:56.789Z"
"c906be13-73ee-4133-86a7-29ee8106738g","Product","2020-11-19T12:34:56.789Z","Black Kavuni","4","https://i.ndtvimg.com/i/2017-05/black-rice_240x180_71493702827.jpg","11","millet","Black Kavuni","2020-11-19T12:34:56.789Z"
